4273727, 4, 0, 0, 0, 0, 0, 0, 0, 0, -523, 258, -457, -60, -17, -12, 94, 474, 15480, 101219, 3109, 602, 1, 1, 1, 1
4351037, 4, 0, 0, 0, 0, 0, 0, 0, 0, -527, 260, -468, -59, -17, -13, 80, 464, 15434, 101220, 3108, 602, 1, 1, 1, 1
4452187, 4, 0, 0, 0, 0, 0, 0, 0, 0, -531, 262, -481, -60, -16, -13, 58, 486, 15454, 101219, 3109, 602, 1, 1, 1, 1
4553325, 4, 0, 0, 0, 0, 0, 0, 0, 0, -535, 263, -494, -59, -17, -12, 36, 464, 15424, 101220, 3107, 602, 1, 1, 1, 1
4654201, 4, 0, 0, 0, 0, 0, 0, 0, 0, -539, 265, -508, -58, -17, -12, 58, 468, 15424, 101218, 3110, 602, 1, 1, 1, 1
4755374, 4, 0, 0, 0, 0, 0, 0, 0, 0, -542, 265, -521, -59, -17, -13, 48, 482, 15448, 101219, 3108, 602, 1, 1, 1, 1
4856512, 4, 0, 0, 0, 0, 0, 0, 0, 0, -545, 266, -534, -58, -17, -12, 70, 470, 15412, 101219, 3109, 574, 1, 1, 1, 1
4957511, 4, 0, 0, 0, 0, 0, 0, 0, 0, -547, 268, -548, -59, -17, -12, 66, 472, 15414, 101221, 3111, 581, 1, 1, 1, 1
5058455, 4, 0, 0, 0, 0, 0, 0, 0, 0, -550, 268, -561, -58, -18, -13, 72, 468, 15396, 101219, 3110, 602, 1, 1, 1, 1
5159564, 4, 0, 0, 0, 0, 0, 0, 0, 0, -552, 269, -574, -59, -17, -13, 44, 442, 15442, 101220, 3112, 602, 1, 1, 1, 1
5260470, 4, 1, 0, 0, 0, 180, 180, 180, 180, -554, 271, -588, -58, -17, -13, 70, 474, 15410, 101219, 3112, 602, 1, 1, 1, 1
5361304, 4, 1, 0, 0, 0, 180, 180, 180, 180, -557, 272, -602, -59, -17, -13, 62, 466, 15410, 101217, 3111, 602, 1, 1, 1, 1
5462550, 4, 1, 0, 0, 0, 180, 180, 180, 180, -558, 272, -616, -60, -16, -13, 54, 440, 15434, 101217, 3109, 602, 1, 1, 1, 1
5563508, 4, 1, 0, 0, 0, 180, 180, 180, 180, -561, 273, -629, -59, -17, -12, 28, 476, 15404, 101218, 3109, 602, 1, 1, 1, 1
5664572, 4, 2, 0, 0, 0, 180, 180, 180, 180, -562, 274, -643, -59, -17, -12, 58, 456, 15408, 101220, 3110, 602, 1, 1, 1, 1
5765731, 4, 2, 0, 0, 0, 180, 180, 180, 180, -564, 274, -657, -59, -18, -13, 72, 446, 15432, 101220, 3110, 602, 1, 1, 1, 1
5866662, 4, 4, 0, 0, 0, 180, 180, 180, 180, -565, 275, -671, -58, -17, -13, 66, 474, 15426, 101219, 3108, 602, 1, 1, 1, 1
5967547, 4, 6, 0, 0, 0, 180, 180, 180, 180, -567, 276, -685, -59, -18, -13, 54, 470, 15422, 101218, 3109, 602, 1, 1, 1, 1
6068989, 4, 8, 0, 0, 0, 180, 180, 180, 180, -568, 278, -699, -59, -18, -13, 68, 452, 15408, 101212, 3107, 602, 1, 1, 1, 1
6169612, 4, 10, 0, 0, 0, 180, 180, 180, 180, -569, 279, -712, -59, -17, -13, 46, 438, 15402, 101217, 3107, 602, 1, 1, 1, 1
6270671, 4, 12, 0, 0, 0, 180, 180, 180, 180, -570, 280, -726, -59, -18, -12, 54, 450, 15448, 101220, 3108, 602, 1, 1, 1, 1
6371761, 4, 14, 0, 0, 0, 180, 180, 180, 180, -572, 280, -739, -59, -17, -13, 60, 464, 15416, 101219, 3107, 602, 1, 1, 1, 1
6473089, 4, 16, 0, 0, 0, 180, 180, 180, 180, -572, 280, -754, -58, -17, -13, 82, 482, 15426, 101219, 3106, 602, 1, 1, 1, 1
6574046, 4, 18, 0, 0, 0, 180, 180, 180, 180, -574, 281, -767, -58, -18, -12, 62, 474, 15394, 101217, 3107, 602, 1, 1, 1, 1
6674854, 4, 20, 0, 0, 0, 180, 180, 180, 180, -574, 281, -781, -59, -17, -12, 52, 498, 15422, 101217, 3107, 602, 1, 1, 1, 1
6775994, 4, 22, 0, 0, 0, 180, 180, 180, 180, -575, 281, -794, -59, -17, -12, 70, 448, 15400, 101218, 3107, 602, 1, 1, 1, 1
6876965, 4, 24, 0, 0, 0, 191, 192, 191, 192, -576, 281, -808, -60, -17, -12, 50, 460, 15428, 101220, 3108, 602, 1, 1, 1, 1
6978095, 4, 26, 0, 0, 0, 207, 208, 207, 208, -576, 282, -821, -60, -17, -12, 40, 468, 15418, 101217, 3110, 602, 1, 1, 1, 1
7079569, 4, 28, 0, 0, 0, 223, 224, 223, 224, -576, 282, -835, -57, -17, -13, 56, 466, 15438, 101219, 3108, 602, 1, 1, 1, 1
7180214, 4, 30, 0, 0, 0, 239, 240, 239, 240, -577, 282, -849, -58, -18, -13, 60, 474, 15408, 101221, 3109, 602, 1, 1, 1, 1
7281320, 4, 31, 0, 0, 0, 247, 248, 247, 248, -577, 282, -863, -59, -17, -13, 78, 462, 15442, 101221, 3110, 602, 1, 1, 1, 1
7382452, 4, 33, 0, 0, 0, 263, 264, 263, 264, -577, 283, -877, -59, -17, -13, 52, 450, 15426, 101219, 3107, 602, 1, 1, 1, 1
7483566, 4, 35, 0, 0, 0, 279, 280, 279, 280, -578, 283, -891, -59, -17, -13, 40, 454, 15434, 101215, 3107, 602, 1, 1, 1, 1
7584776, 4, 37, 0, 0, 0, 295, 296, 295, 296, -578, 283, -904, -59, -17, -12, 38, 474, 15414, 101216, 3107, 602, 1, 1, 1, 1
7685827, 4, 39, 0, 0, 0, 311, 312, 311, 312, -578, 283, -918, -59, -17, -12, 60, 460, 15456, 101220, 3107, 602, 1, 1, 1, 1
7786925, 4, 40, 0, 0, 0, 319, 320, 319, 320, -579, 282, -931, -59, -17, -12, 70, 454, 15428, 101219, 3108, 602, 1, 1, 1, 1
7888041, 4, 42, 0, 0, 0, 335, 336, 335, 336, -579, 283, -945, -59, -17, -12, 54, 456, 15432, 101219, 3109, 602, 1, 1, 1, 1
7989169, 4, 44, 0, 0, 0, 351, 352, 351, 352, -580, 283, -958, -58, -18, -13, 74, 466, 15458, 101218, 3108, 602, 1, 1, 1, 1
8090409, 4, 46, 0, 0, 0, 367, 368, 367, 368, -580, 283, -972, -59, -17, -12, 52, 488, 15438, 101219, 3109, 602, 1, 1, 1, 1
8191380, 4, 47, 0, 0, 0, 375, 376, 375, 376, -580, 283, -985, -58, -17, -13, 50, 474, 15396, 101213, 3106, 602, 1, 1, 1, 1
8292493, 4, 47, 0, 0, 0, 375, 376, 375, 376, -579, 282, -999, -60, -18, -12, 36, 442, 15424, 101219, 3107, 602, 1, 1, 1, 1
8393623, 4, 47, 0, 0, 0, 375, 376, 375, 376, -580, 282, -1012, -59, -17, -12, 26, 448, 15402, 101218, 3107, 602, 1, 1, 1, 1
8494749, 4, 48, 0, 0, 0, 383, 384, 383, 384, -580, 282, -1026, -58, -18, -13, 56, 474, 15440, 101214, 3104, 602, 1, 1, 1, 1
8595859, 4, 48, 0, 0, 0, 383, 384, 383, 384, -580, 282, -1040, -59, -17, -13, 56, 476, 15432, 101219, 3107, 602, 1, 1, 1, 1
8696982, 4, 48, 0, 0, 0, 383, 384, 383, 384, -580, 283, -1053, -59, -17, -13, 48, 480, 15408, 101215, 3104, 602, 1, 1, 1, 1
8798125, 4, 48, 0, 0, 0, 383, 384, 383, 384, -581, 284, -1067, -59, -17, -12, 34, 464, 15454, 101218, 3104, 602, 1, 1, 1, 1
8899235, 4, 48, 0, 0, 0, 383, 384, 383, 384, -581, 283, -1081, -59, -17, -13, 56, 458, 15412, 101215, 3106, 602, 1, 1, 1, 1
9000359, 4, 48, 0, 0, 0, 383, 384, 383, 384, -581, 283, -1095, -59, -17, -13, 62, 482, 15410, 101215, 3107, 602, 1, 1, 1, 1
9101471, 4, 48, 0, 0, 0, 383, 384, 383, 384, -581, 283, -1108, -59, -18, -13, 52, 458, 15402, 101219, 3108, 602, 1, 1, 1, 1
9202593, 4, 48, 0, 0, 0, 383, 384, 383, 384, -581, 283, -1122, -59, -17, -13, 54, 464, 15392, 101219, 3109, 602, 1, 1, 1, 1
9303699, 4, 48, 0, 0, 0, 383, 384, 383, 384, -582, 284, -1136, -59, -17, -13, 60, 456, 15400, 101215, 3109, 602, 1, 1, 1, 1
9404827, 4, 48, 0, 0, 0, 383, 384, 383, 384, -582, 284, -1150, -59, -17, -13, 22, 466, 15434, 101218, 3108, 602, 1, 1, 1, 1
9505947, 4, 48, 0, 0, 0, 383, 384, 383, 384, -583, 284, -1164, -59, -17, -12, 52, 444, 15426, 101219, 3109, 602, 1, 1, 1, 1
9607076, 4, 48, 0, 0, 0, 383, 384, 383, 384, -583, 284, -1177, -59, -17, -12, 64, 458, 15466, 101217, 3108, 602, 1, 1, 1, 1
9708176, 4, 48, 0, 0, 0, 383, 384, 383, 384, -582, 284, -1191, -59, -17, -13, 68, 468, 15416, 101217, 3108, 602, 1, 1, 1, 1
9809305, 4, 48, 0, 0, 0, 383, 384, 383, 384, -583, 284, -1205, -58, -18, -12, 54, 454, 15434, 101219, 3108, 602, 1, 1, 1, 1
9910423, 4, 48, 0, 0, 0, 383, 384, 383, 384, -583, 285, -1218, -58, -18, -13, 48, 476, 15422, 101217, 3110, 602, 1, 1, 1, 1
10011539, 4, 49, 0, 0, 0, 391, 392, 391, 392, -583, 284, -1232, -59, -17, -13, 40, 484, 15386, 101217, 3111, 602, 1, 1, 1, 1
10112652, 4, 49, 0, 0, 0, 391, 392, 391, 392, -582, 283, -1246, -59, -17, -13, 52, 456, 15426, 101218, 3112, 602, 1, 1, 1, 1
10213764, 4, 49, 0, 0, 0, 391, 392, 391, 392, -582, 283, -1260, -59, -17, -13, 60, 462, 15396, 101221, 3113, 602, 1, 1, 1, 1
10314878, 4, 49, 0, 0, 0, 391, 392, 391, 392, -583, 283, -1274, -60, -18, -13, 38, 476, 15424, 101220, 3112, 602, 1, 1, 1, 1
10416006, 4, 49, 0, 0, 0, 391, 392, 391, 392, -583, 284, -1288, -59, -18, -13, 60, 480, 15422, 101221, 3112, 602, 1, 1, 1, 1
10517113, 4, 49, 0, 0, 0, 391, 392, 391, 392, -583, 284, -1301, -58, -18, -12, 60, 480, 15418, 101218, 3112, 602, 1, 1, 1, 1
10618237, 4, 49, 0, 0, 0, 391, 392, 391, 392, -583, 284, -1315, -59, -17, -12, 36, 458, 15422, 101217, 3113, 602, 1, 1, 1, 1
10719339, 4, 49, 0, 0, 0, 391, 392, 391, 392, -583, 284, -1329, -59, -17, -12, 70, 460, 15414, 101214, 3112, 602, 1, 1, 1, 1
10820465, 4, 49, 0, 0, 0, 391, 392, 391, 392, -583, 284, -1343, -59, -17, -13, 76, 462, 15432, 101221, 3114, 602, 1, 1, 1, 1
10921584, 4, 49, 0, 0, 0, 391, 392, 391, 392, -583, 284, -1356, -59, -18, -12, 74, 470, 15424, 101219, 3115, 602, 1, 1, 1, 1
11022699, 4, 49, 0, 0, 0, 391, 392, 391, 392, -584, 284, -1370, -59, -17, -12, 72, 466, 15420, 101221, 3112, 602, 1, 1, 1, 1
11123813, 4, 49, 0, 0, 0, 391, 392, 391, 392, -583, 285, -1384, -59, -18, -13, 62, 450, 15408, 101217, 3112, 602, 1, 1, 1, 1
11224910, 4, 49, 0, 0, 0, 391, 392, 391, 392, -583, 285, -1397, -59, -17, -13, 68, 472, 15412, 101219, 3114, 602, 1, 1, 1, 1
11326021, 4, 49, 0, 0, 0, 391, 392, 391, 392, -583, 285, -1411, -59, -18, -13, 68, 472, 15412, 101220, 3113, 602, 1, 1, 1, 1
11427118, 4, 49, 0, 0, 0, 391, 392, 391, 392, -583, 285, -1425, -59, -17, -12, 54, 464, 15436, 101221, 3113, 602, 1, 1, 1, 1
11528247, 4, 49, 0, 0, 0, 391, 392, 391, 392, -583, 285, -1438, -59, -17, -12, 72, 452, 15408, 101218, 3113, 602, 1, 1, 1, 1
11629375, 4, 49, 0, 0, 0, 391, 392, 391, 392, -583, 284, -1452, -59, -17, -13, 54, 442, 15418, 101220, 3114, 602, 1, 1, 1, 1
11730482, 4, 49, 0, 0, 0, 391, 392, 391, 392, -583, 285, -1466, -58, -18, -12, 62, 448, 15426, 101219, 3114, 602, 1, 1, 1, 1
11831591, 4, 49, 0, 0, 0, 391, 392, 391, 392, -559, 277, -1479, 75, 1, -11, -438, 1140, 15982, 101215, 3111, 602, 1, 1, 1, 1
11932715, 4, 49, 0, 0, 0, 391, 392, 391, 392, -571, 285, -1493, -89, -13, -13, -30, 646, 15406, 101219, 3112, 602, 1, 1, 1, 1
12033863, 4, 49, 0, 0, 0, 391, 392, 391, 392, -591, 278, -1507, -118, 21, -11, 314, 552, 15204, 101218, 3111, 602, 1, 1, 1, 1
12134982, 4, 49, 0, 0, 0, 391, 392, 391, 392, -471, 315, -1469, -23, -84, -120, -470, 1730, 14478, 101216, 3110, 602, 1, 1, 1, 1
12236087, 4, 49, 0, 0, 0, 393, 390, 393, 390, -1183, 977, -759, -745, -4075, 1340, -1936, -1352, 18426, 101218, 3107, 602, 1, 1, 1, 1
12337195, 4, 49, 0, 0, 0, 393, 390, 393, 390, -3102, 5222, 2028, -1105, -1981, 1238, 12060, -3666, 11194, 101217, 3108, 602, 1, 1, 1, 1
12438311, 4, 49, 0, 0, 0, 391, 392, 391, 392, -3506, 6539, 2108, 601, -1218, -467, 7602, -2528, 13172, 101219, 3108, 602, 1, 1, 1, 1
12539410, 4, 49, 0, 0, 0, 391, 392, 391, 392, -1794, 6269, 1471, 2257, 3499, -706, 12498, -2738, 12648, 101219, 3107, 602, 1, 1, 1, 1
12640533, 4, 49, 0, 0, 0, 393, 390, 393, 390, 2256, -125, 1486, 5036, 11359, 1060, 3552, 2522, 10094, 101220, 3106, 602, 1, 1, 1, 1
12741631, 4, 49, 0, 0, 0, 391, 392, 391, 392, 7049, -7528, 5829, 287, 2222, -855, -12704, 9996, 5034, 101218, 3107, 602, 1, 1, 1, 1
12842734, 4, 49, 0, 0, 0, 392, 391, 392, 391, 7331, -7817, 6877, 21, -176, 800, -8898, 9168, 7462, 101216, 3109, 602, 1, 1, 1, 1
12943848, 4, 49, 0, 0, 0, 391, 392, 391, 392, 5661, -5790, 5246, -1734, -6720, -407, -9818, 8532, 10388, 101220, 3109, 602, 1, 1, 1, 1
13044945, 4, 49, 0, 0, 0, 391, 392, 391, 392, 3395, 2631, 1154, -334, -4231, -401, 3080, 6892, 13890, 101217, 3112, 602, 1, 1, 1, 1
13146059, 4, 49, 0, 0, 0, 392, 391, 392, 391, 3779, 5249, 251, 565, -488, 363, 6030, 7556, 14398, 101220, 3111, 602, 1, 1, 1, 1
13247173, 4, 49, 0, 0, 0, 395, 388, 395, 388, 3777, 5731, 2420, 1170, 1876, 3788, 4336, 5654, 11230, 101218, 3110, 602, 1, 1, 1, 1
13348275, 4, 49, 0, 0, 0, 394, 389, 394, 389, 1874, 4989, 7478, 119, 845, 2297, 13192, 1014, 15610, 101221, 3110, 602, 1, 1, 1, 1
13449412, 4, 49, 0, 0, 0, 392, 391, 392, 391, 1606, 4182, 9329, 22, 851, 454, 12394, -1506, 11964, 101219, 3109, 602, 1, 1, 1, 1
13550508, 4, 49, 0, 0, 0, 388, 395, 388, 395, 1455, 2901, 7550, 412, 2229, -3682, 9434, -4800, 18678, 101221, 3109, 602, 1, 1, 1, 1
13651625, 4, 49, 0, 0, 0, 387, 396, 387, 396, 4409, 371, 3013, 3255, 1079, -4733, -3800, 3628, 8538, 101217, 3109, 602, 1, 1, 1, 1
13752723, 4, 49, 0, 0, 0, 388, 395, 388, 395, 5492, -1064, -1665, -320, -1409, -3236, -7430, 9436, 9206, 101222, 3110, 602, 1, 1, 1, 1
13853835, 4, 49, 0, 0, 0, 393, 390, 393, 390, 4995, -1542, -2964, 182, -1270, 1204, -9152, 9506, 14064, 101222, 3111, 602, 1, 1, 1, 1
13954924, 4, 49, 0, 0, 0, 396, 387, 396, 387, 5066, 142, -961, -714, -827, 4274, -4554, 6428, 13272, 101220, 3111, 602, 1, 1, 1, 1
14056041, 4, 49, 0, 0, 0, 393, 390, 393, 390, 4370, 2371, 1683, 53, 601, 1885, 236, 7544, 12780, 101224, 3112, 602, 1, 1, 1, 1
14157156, 4, 49, 0, 0, 0, 392, 391, 392, 391, 3348, 3231, 4352, -319, 15, 145, 17382, 42, 16032, 101218, 3110, 602, 1, 1, 1, 1
14258245, 4, 49, 0, 0, 0, 387, 396, 387, 396, 4311, 1932, 2208, 1267, 395, -4121, 5008, 3160, 15346, 101221, 3110, 602, 1, 1, 1, 1
14359366, 4, 49, 0, 0, 0, 388, 395, 388, 395, 5568, 546, -1350, -29, -730, -3228, -88, 7578, 8996, 101214, 3108, 602, 1, 1, 1, 1
14464165, 4, 49, 0, 0, 0, 391, 392, 391, 392, 4883, -1290, -4384, -910, -387, -814, -15282, 10602, 13804, 101221, 3110, 602, 1, 1, 1, 1
14565033, 4, 49, 0, 0, 0, 395, 388, 395, 388, 4389, 540, -2451, 23, -1089, 3778, 5884, 3934, 14476, 101216, 3110, 602, 1, 1, 1, 1
14666652, 4, 49, 0, 0, 0, 393, 390, 393, 390, 4318, 2156, -968, 39, -47, 1420, 13478, 3052, 11736, 101222, 3110, 602, 1, 1, 1, 1
14766942, 4, 49, 0, 0, 0, 389, 394, 389, 394, 4223, 1245, -2101, -79, 918, -2963, 3168, 4822, 14384, 101220, 3110, 602, 1, 1, 1, 1
14868192, 4, 49, 0, 0, 0, 390, 393, 390, 393, 4974, -1661, -4417, 580, 461, -1827, -12574, 9600, 9080, 101219, 3110, 602, 1, 1, 1, 1
14969100, 4, 49, 0, 0, 0, 392, 391, 392, 391, 4077, -582, -4410, -1226, -1609, 386, 4246, 7238, 12424, 101215, 3109, 602, 1, 1, 1, 1
15070327, 4, 49, 0, 0, 0, 391, 392, 391, 392, 2630, -345, -5013, -2092, 63, -306, 42, 3900, 12708, 101219, 3110, 602, 1, 1, 1, 1
15172067, 4, 49, 0, 0, 0, 392, 391, 392, 391, 875, -270, -5366, -718, -1478, 384, 2074, 652, 24832, 101223, 3110, 602, 1, 1, 1, 1
15272354, 4, 49, 0, 0, 0, 393, 390, 393, 390, 216, 0, -4396, -1600, -19, 1695, 742, -1772, 18640, 101219, 3110, 602, 1, 1, 1, 1
15373037, 4, 49, 0, 0, 0, 393, 390, 393, 390, -126, 95, -3058, 1208, -83, 1066, 4842, -1978, 17710, 101216, 3107, 602, 1, 1, 1, 1
15473990, 4, 49, 0, 0, 0, 391, 392, 391, 392, 350, 239, -2881, -265, -70, -185, 230, 1362, 15564, 101222, 3108, 602, 1, 1, 1, 1
15575085, 4, 49, 0, 0, 0, 391, 392, 391, 392, 203, 226, -2946, 19, -30, -12, 44, 2118, 15172, 101218, 3108, 602, 1, 1, 1, 1
15677277, 4, 49, 0, 0, 0, 391, 392, 391, 392, 177, 225, -2960, -73, -16, -12, 32, 1102, 15408, 101219, 3108, 602, 1, 1, 1, 1
15777194, 4, 49, 0, 0, 0, 391, 392, 391, 392, 162, 227, -2974, -60, -17, -13, 10, 1244, 15388, 101217, 3108, 602, 1, 1, 1, 1
15878271, 4, 49, 0, 0, 0, 391, 392, 391, 392, 146, 228, -2989, -58, -17, -12, 18, 1232, 15372, 101218, 3108, 602, 1, 1, 1, 1
15979493, 4, 49, 0, 0, 0, 391, 392, 391, 392, 131, 229, -3003, -61, -17, -13, 18, 1186, 15378, 101219, 3108, 602, 1, 1, 1, 1
16080166, 4, 49, 0, 0, 0, 391, 392, 391, 392, 118, 230, -3017, -69, -15, -15, 140, 1508, 15332, 101220, 3109, 602, 1, 1, 1, 1
16181608, 4, 49, 0, 0, 0, 391, 392, 391, 392, 107, 232, -3031, -46, -17, -12, 148, 1426, 15396, 101218, 3110, 602, 1, 1, 1, 1
16282264, 4, 49, 0, 0, 0, 391, 392, 391, 392, 94, 233, -3046, -58, -18, -13, -16, 1206, 15374, 101220, 3110, 602, 1, 1, 1, 1
16383552, 4, 49, 0, 0, 0, 391, 392, 391, 392, 85, 233, -3060, -62, -16, -12, 64, 1246, 15370, 101216, 3109, 602, 1, 1, 1, 1
16484495, 4, 49, 0, 0, 0, 391, 392, 391, 392, 76, 234, -3074, -59, -17, -12, 28, 1272, 15350, 101216, 3108, 602, 1, 1, 1, 1
16585366, 4, 49, 0, 0, 0, 391, 392, 391, 392, 66, 235, -3088, -57, -18, -13, -4, 1220, 15340, 101218, 3107, 602, 1, 1, 1, 1
16686322, 4, 49, 0, 0, 0, 391, 392, 391, 392, 57, 236, -3102, -59, -17, -13, -6, 1182, 15398, 101218, 3106, 602, 1, 1, 1, 1
16787418, 4, 49, 0, 0, 0, 391, 392, 391, 392, 49, 237, -3116, -56, -18, -12, 30, 1238, 15376, 101219, 3107, 602, 1, 1, 1, 1
16888346, 4, 49, 0, 0, 0, 391, 392, 391, 392, 42, 238, -3131, -58, -18, -13, 18, 1250, 15370, 101219, 3109, 602, 1, 1, 1, 1
16989519, 4, 49, 0, 0, 0, 391, 392, 391, 392, 35, 238, -3145, -59, -17, -13, 12, 1242, 15364, 101219, 3110, 602, 1, 1, 1, 1
17090629, 4, 49, 0, 0, 0, 391, 392, 391, 392, 29, 238, -3159, -60, -17, -12, 6, 1238, 15356, 101220, 3110, 602, 1, 1, 1, 1
17191585, 4, 49, 0, 0, 0, 391, 392, 391, 392, 23, 239, -3174, -59, -18, -13, 22, 1212, 15368, 101216, 3110, 602, 1, 1, 1, 1
17292700, 4, 49, 0, 0, 0, 391, 392, 391, 392, 17, 240, -3188, -59, -17, -13, -16, 1210, 15368, 101218, 3110, 602, 1, 1, 1, 1
17393578, 4, 49, 0, 0, 0, 391, 392, 391, 392, 12, 241, -3202, -59, -17, -13, -4, 1206, 15392, 101221, 3110, 602, 1, 1, 1, 1
17494748, 4, 49, 0, 0, 0, 391, 392, 391, 392, 7, 242, -3217, -58, -18, -13, 0, 1254, 15352, 101218, 3106, 602, 1, 1, 1, 1
17595649, 4, 49, 0, 0, 0, 391, 392, 391, 392, 3, 243, -3231, -60, -18, -13, 30, 1220, 15396, 101219, 3107, 602, 1, 1, 1, 1
17696851, 4, 49, 0, 0, 0, 391, 392, 391, 392, -1, 243, -3245, -59, -18, -13, 24, 1244, 15378, 101220, 3107, 602, 1, 1, 1, 1
17797774, 4, 49, 0, 0, 0, 391, 392, 391, 392, -5, 244, -3259, -60, -18, -13, 20, 1216, 15370, 101216, 3107, 602, 1, 1, 1, 1
17898661, 4, 49, 0, 0, 0, 391, 392, 391, 392, -9, 244, -3274, -60, -18, -12, 18, 1206, 15362, 101218, 3108, 602, 1, 1, 1, 1
17999852, 4, 49, 0, 0, 0, 391, 392, 391, 392, -12, 245, -3288, -60, -18, -13, 76, 1212, 15356, 101218, 3109, 602, 1, 1, 1, 1
18100661, 4, 49, 0, 0, 0, 391, 392, 391, 392, -16, 245, -3302, -58, -18, -13, 46, 1202, 15364, 101220, 3108, 602, 1, 1, 1, 1
18202102, 4, 49, 0, 0, 0, 391, 392, 391, 392, -19, 245, -3316, -60, -18, -13, 62, 1208, 15386, 101219, 3109, 602, 1, 1, 1, 1
18302979, 4, 49, 0, 0, 0, 391, 392, 391, 392, -21, 245, -3331, -58, -17, -13, 42, 1248, 15346, 101219, 3111, 602, 1, 1, 1, 1
18404077, 4, 49, 0, 0, 0, 391, 392, 391, 392, -23, 245, -3345, -59, -18, -13, 34, 1230, 15384, 101219, 3108, 602, 1, 1, 1, 1
18505098, 4, 49, 0, 0, 0, 391, 392, 391, 392, -26, 245, -3360, -60, -18, -13, 44, 1228, 15368, 101219, 3110, 602, 1, 1, 1, 1
18606224, 4, 49, 0, 0, 0, 391, 392, 391, 392, -28, 245, -3374, -59, -17, -12, 10, 1218, 15372, 101213, 3107, 602, 1, 1, 1, 1
18707555, 4, 49, 0, 0, 0, 391, 392, 391, 392, -30, 245, -3388, -59, -17, -12, 46, 1244, 15354, 101212, 3105, 602, 1, 1, 1, 1
18808444, 4, 49, 0, 0, 0, 391, 392, 391, 392, -32, 245, -3403, -58, -18, -13, 18, 1250, 15396, 101217, 3105, 602, 1, 1, 1, 1
18909569, 4, 49, 0, 0, 0, 391, 392, 391, 392, -33, 245, -3417, -59, -17, -12, 22, 1236, 15386, 101218, 3106, 602, 1, 1, 1, 1
19010710, 4, 49, 0, 0, 0, 391, 392, 391, 392, -35, 245, -3431, -59, -17, -13, 24, 1216, 15406, 101215, 3107, 602, 1, 1, 1, 1
19111807, 4, 49, 0, 0, 0, 391, 392, 391, 392, -37, 246, -3445, -58, -17, -12, 18, 1258, 15374, 101219, 3105, 602, 1, 1, 1, 1
19212945, 4, 49, 0, 0, 0, 391, 392, 391, 392, -38, 245, -3459, -59, -17, -12, 10, 1238, 15338, 101221, 3106, 602, 1, 1, 1, 1
19314046, 4, 49, 0, 0, 0, 391, 392, 391, 392, -40, 246, -3473, -59, -16, -13, 6, 1232, 15366, 101219, 3107, 602, 1, 1, 1, 1
19415187, 4, 49, 0, 0, 0, 391, 392, 391, 392, -41, 246, -3488, -58, -18, -13, 22, 1228, 15366, 101218, 3106, 602, 1, 1, 1, 1
19516317, 4, 49, 0, 0, 0, 391, 392, 391, 392, -43, 246, -3502, -59, -17, -13, -4, 1234, 15366, 101220, 3107, 602, 1, 1, 1, 1
19617409, 4, 49, 0, 0, 0, 391, 392, 391, 392, -44, 247, -3516, -58, -17, -12, 18, 1266, 15424, 101219, 3106, 602, 1, 1, 1, 1
19718544, 4, 49, 0, 0, 0, 391, 392, 391, 392, -45, 247, -3531, -59, -17, -13, 32, 1276, 15370, 101219, 3107, 602, 1, 1, 1, 1
19819649, 4, 49, 0, 0, 0, 391, 392, 391, 392, -46, 247, -3546, -60, -17, -13, 4, 1224, 15386, 101219, 3107, 602, 1, 1, 1, 1
19920766, 4, 49, 0, 0, 0, 391, 392, 391, 392, -46, 248, -3560, -59, -17, -12, 8, 1254, 15390, 101220, 3108, 602, 1, 1, 1, 1
20021882, 4, 49, 0, 0, 0, 391, 392, 391, 392, -47, 247, -3575, -58, -17, -13, -8, 1254, 15380, 101216, 3109, 602, 1, 1, 1, 1
20122993, 4, 49, 0, 0, 0, 391, 392, 391, 392, -47, 247, -3589, -57, -17, -13, 14, 1280, 15346, 101215, 3108, 602, 1, 1, 1, 1
20224108, 4, 49, 0, 0, 0, 391, 392, 391, 392, -48, 247, -3603, -59, -17, -13, 20, 1224, 15388, 101218, 3108, 602, 1, 1, 1, 1
20325230, 4, 49, 0, 0, 0, 391, 392, 391, 392, -48, 248, -3618, -59, -17, -13, -4, 1246, 15318, 101217, 3107, 602, 1, 1, 1, 1
20426371, 4, 49, 0, 0, 0, 391, 392, 391, 392, -49, 248, -3632, -59, -17, -12, 12, 1228, 15388, 101218, 3107, 602, 1, 1, 1, 1
20527483, 4, 49, 0, 0, 0, 391, 392, 391, 392, -49, 248, -3646, -58, -16, -12, -6, 1246, 15404, 101217, 3108, 602, 1, 1, 1, 1
20628584, 4, 49, 0, 0, 0, 391, 392, 391, 392, -49, 248, -3660, -59, -16, -12, -6, 1240, 15348, 101218, 3108, 602, 1, 1, 1, 1
20729712, 4, 49, 0, 0, 0, 391, 392, 391, 392, -50, 248, -3674, -60, -16, -13, -38, 1244, 15396, 101217, 3109, 602, 1, 1, 1, 1
20830811, 4, 49, 0, 0, 0, 391, 392, 391, 392, -50, 248, -3688, -59, -17, -12, -4, 1246, 15396, 101218, 3107, 602, 1, 1, 1, 1
20931929, 4, 49, 0, 0, 0, 391, 392, 391, 392, -51, 247, -3702, -59, -16, -13, -40, 1246, 15408, 101220, 3107, 602, 1, 1, 1, 1
21033091, 4, 49, 0, 0, 0, 391, 392, 391, 392, -52, 247, -3717, -58, -17, -13, -14, 1202, 15388, 101220, 3108, 602, 1, 1, 1, 1
21134183, 4, 49, 0, 0, 0, 391, 392, 391, 392, -52, 247, -3732, -59, -17, -13, 6, 1270, 15356, 101218, 3109, 602, 1, 1, 1, 1
21235309, 4, 49, 0, 0, 0, 391, 392, 391, 392, -52, 248, -3746, -57, -18, -13, 48, 1266, 15374, 101217, 3109, 602, 1, 1, 1, 1
21336417, 4, 49, 0, 0, 0, 391, 392, 391, 392, -52, 248, -3761, -59, -16, -12, -14, 1246, 15364, 101217, 3108, 602, 1, 1, 1, 1
21437558, 4, 49, 0, 0, 0, 391, 392, 391, 392, -52, 247, -3775, -60, -18, -12, 26, 1258, 15390, 101220, 3108, 602, 1, 1, 1, 1
21538675, 4, 49, 0, 0, 0, 391, 392, 391, 392, -53, 248, -3790, -61, -17, -13, 4, 1236, 15372, 101219, 3108, 602, 1, 1, 1, 1
21639776, 4, 49, 0, 0, 0, 391, 392, 391, 392, -53, 248, -3804, -59, -16, -13, -2, 1224, 15380, 101221, 3109, 602, 1, 1, 1, 1
21740899, 4, 49, 0, 0, 0, 391, 392, 391, 392, -53, 248, -3819, -58, -18, -13, 14, 1232, 15406, 101215, 3108, 602, 1, 1, 1, 1
21842008, 4, 49, 0, 0, 0, 391, 392, 391, 392, -53, 248, -3833, -59, -18, -13, 24, 1222, 15392, 101216, 3109, 602, 1, 1, 1, 1
21943116, 4, 49, 0, 0, 0, 391, 392, 391, 392, -53, 248, -3848, -59, -17, -13, 20, 1222, 15392, 101220, 3109, 602, 1, 1, 1, 1
22044282, 4, 49, 0, 0, 0, 391, 392, 391, 392, -53, 248, -3862, -58, -17, -12, 10, 1270, 15376, 101219, 3110, 602, 1, 1, 1, 1
22145353, 4, 49, 0, 0, 0, 391, 392, 391, 392, -54, 248, -3877, -59, -17, -12, 26, 1246, 15374, 101217, 3108, 602, 1, 1, 1, 1
22246500, 4, 49, 0, 0, 0, 391, 392, 391, 392, -54, 249, -3891, -58, -18, -13, 66, 1276, 15392, 101218, 3109, 581, 1, 1, 1, 1
22347602, 4, 49, 0, 0, 0, 391, 392, 391, 392, -54, 250, -3905, -60, -17, -13, 8, 1262, 15394, 101220, 3110, 602, 1, 1, 1, 1
22448740, 4, 49, 0, 0, 0, 391, 392, 391, 392, -55, 249, -3919, -60, -16, -13, -48, 1196, 15370, 101220, 3108, 602, 1, 1, 1, 1
22549856, 4, 49, 0, 0, 0, 391, 392, 391, 392, -55, 249, -3934, -57, -17, -13, 32, 1234, 15326, 101220, 3109, 602, 1, 1, 1, 1
22650991, 4, 49, 0, 0, 0, 391, 392, 391, 392, -55, 249, -3949, -57, -17, -13, 4, 1246, 15388, 101220, 3108, 602, 1, 1, 1, 1
22752087, 4, 49, 0, 0, 0, 391, 392, 391, 392, -55, 249, -3963, -60, -17, -13, 16, 1252, 15382, 101218, 3109, 602, 1, 1, 1, 1
22853207, 4, 49, 0, 0, 0, 391, 392, 391, 392, -55, 250, -3977, -58, -17, -13, 14, 1268, 15374, 101220, 3110, 602, 1, 1, 1, 1
22954332, 4, 49, 0, 0, 0, 391, 392, 391, 392, -55, 250, -3992, -59, -17, -12, -2, 1292, 15366, 101213, 3108, 602, 1, 1, 1, 1
23055463, 4, 49, 0, 0, 0, 391, 392, 391, 392, -55, 251, -4006, -60, -16, -13, 20, 1248, 15350, 101220, 3108, 602, 1, 1, 1, 1
23156586, 4, 49, 0, 0, 0, 391, 392, 391, 392, -56, 251, -4020, -57, -17, -13, -6, 1242, 15390, 101214, 3106, 602, 1, 1, 1, 1
23257708, 4, 49, 0, 0, 0, 391, 392, 391, 392, -56, 251, -4034, -58, -18, -13, 10, 1250, 15384, 101219, 3107, 602, 1, 1, 1, 1
23358846, 4, 49, 0, 0, 0, 391, 392, 391, 392, -56, 251, -4049, -57, -17, -12, 20, 1242, 15390, 101217, 3109, 602, 1, 1, 1, 1
23459944, 4, 49, 0, 0, 0, 391, 392, 391, 392, -56, 251, -4063, -59, -17, -12, 8, 1244, 15368, 101220, 3108, 602, 1, 1, 1, 1
23561077, 4, 49, 0, 0, 0, 391, 392, 391, 392, -56, 251, -4077, -59, -18, -13, 6, 1228, 15362, 101216, 3107, 602, 1, 1, 1, 1
23662172, 4, 49, 0, 0, 0, 391, 392, 391, 392, -56, 251, -4092, -57, -18, -13, 24, 1246, 15352, 101220, 3108, 602, 1, 1, 1, 1
23763281, 4, 49, 0, 0, 0, 391, 392, 391, 392, -56, 251, -4106, -59, -18, -12, 26, 1256, 15360, 101219, 3109, 602, 1, 1, 1, 1
23864395, 4, 49, 0, 0, 0, 391, 392, 391, 392, -56, 251, -4120, -59, -17, -12, 24, 1256, 15374, 101221, 3108, 602, 1, 1, 1, 1
23965502, 4, 49, 0, 0, 0, 391, 392, 391, 392, -56, 251, -4134, -60, -16, -12, 4, 1248, 15394, 101218, 3108, 602, 1, 1, 1, 1
24066611, 4, 49, 0, 0, 0, 391, 392, 391, 392, -56, 251, -4149, -57, -17, -13, 42, 1266, 15370, 101218, 3108, 602, 1, 1, 1, 1
24167729, 4, 49, 0, 0, 0, 391, 392, 391, 392, -55, 251, -4163, -55, -18, -12, 48, 1316, 15320, 101221, 3110, 602, 1, 1, 1, 1
24268858, 4, 49, 0, 0, 0, 391, 392, 391, 392, -55, 251, -4178, -57, -18, -12, 12, 1242, 15390, 101219, 3109, 602, 1, 1, 1, 1
24369964, 4, 49, 0, 0, 0, 391, 392, 391, 392, -55, 251, -4192, -61, -17, -13, 8, 1224, 15386, 101217, 3108, 602, 1, 1, 1, 1
24471077, 4, 49, 0, 0, 0, 391, 392, 391, 392, -55, 250, -4206, -58, -18, -13, 42, 1228, 15384, 101222, 3109, 602, 1, 1, 1, 1
24572216, 4, 49, 0, 0, 0, 391, 392, 391, 392, 62, 272, -4426, -12, -11, -433, -1292, 3432, 14212, 101220, 3109, 602, 1, 1, 1, 1
24673326, 4, 49, 0, 0, 0, 393, 390, 393, 390, -662, -5, -3930, -1111, 246, 1316, -4748, 1806, 16446, 101220, 3107, 602, 1, 1, 1, 1
24774438, 4, 49, 0, 0, 0, 393, 390, 393, 390, -1922, -607, -2742, -692, -470, 1035, -9582, -2138, 18372, 101218, 3107, 602, 1, 1, 1, 1
24875553, 4, 49, 0, 0, 0, 393, 390, 393, 390, -1318, 1921, 634, 1929, -2039, 1707, 15164, -5440, 14786, 101214, 3107, 602, 1, 1, 1, 1
24976643, 4, 49, 0, 0, 0, 388, 395, 388, 395, 693, 3254, -519, 772, -319, -3193, 14176, -1802, 8022, 101216, 3106, 602, 1, 1, 1, 1
25077771, 4, 49, 0, 0, 0, 386, 397, 386, 397, 2051, -1053, -5853, 1316, 3206, -5184, -13700, 2324, 9816, 101219, 3105, 602, 1, 1, 1, 1
25178880, 4, 49, 0, 0, 0, 393, 390, 393, 390, 1689, -2640, -7345, -841, -1943, 1450, -26404, 7122, 11666, 101216, 3105, 602, 1, 1, 1, 1
25280003, 4, 49, 0, 0, 0, 399, 384, 399, 384, 923, 1685, -1047, 360, -3120, 7354, 19440, -14152, 14434, 101217, 3107, 602, 1, 1, 1, 1
25381107, 4, 49, 0, 0, 0, 388, 395, 388, 395, 829, 3648, -603, 72, 1112, -3815, 15262, -6600, 16816, 101219, 3108, 602, 1, 1, 1, 1
25482218, 4, 49, 0, 0, 0, 387, 396, 387, 396, 3200, 572, -5743, 1162, 1657, -4352, -12330, 5778, 8734, 101218, 3105, 602, 1, 1, 1, 1
25583339, 4, 49, 0, 0, 0, 394, 389, 394, 389, 2788, -119, -7132, -1401, -1498, 2634, -21884, 7788, 13548, 101217, 3106, 602, 1, 1, 1, 1
25684446, 4, 49, 0, 0, 0, 394, 389, 394, 389, 1257, 4178, -1347, 663, -2587, 2866, 32767, -6172, 9670, 101218, 3107, 602, 1, 1, 1, 1
25785593, 4, 49, 0, 0, 0, 388, 395, 388, 395, 2290, 2898, -3918, 121, 329, -3118, 2090, 2536, 10824, 101218, 3107, 602, 1, 1, 1, 1
25890335, 4, 49, 0, 0, 0, 389, 394, 389, 394, 2183, 1541, -7213, -1311, 814, -2107, -9076, 6374, 15734, 101222, 3106, 602, 1, 1, 1, 1
25991365, 4, 49, 0, 0, 0, 392, 391, 392, 391, 1490, 1386, -7162, -725, 533, 207, -2012, 3396, 12784, 101220, 3106, 602, 1, 1, 1, 1
26092412, 4, 49, 0, 0, 0, 392, 391, 392, 391, 598, -77, -6152, 1282, 3187, 375, 7934, -614, 21466, 101221, 3105, 602, 1, 1, 1, 1
26193424, 4, 49, 0, 0, 0, 392, 391, 392, 391, 2365, -2817, -6115, 135, -580, 443, -8850, 6368, 13772, 101220, 3104, 602, 1, 1, 1, 1
26294593, 4, 49, 0, 0, 0, 392, 391, 392, 391, 1547, -1689, -5893, -2258, -2581, 373, -4520, 3838, 10420, 101219, 3106, 602, 1, 1, 1, 1
26395442, 4, 49, 0, 0, 0, 391, 392, 391, 392, -280, 299, -5726, -149, -104, -256, -1096, 382, 15442, 101215, 3104, 602, 1, 1, 1, 1
26496396, 4, 49, 0, 0, 0, 392, 391, 392, 391, -245, 254, -5720, 191, -33, 731, -654, 534, 15926, 101221, 3105, 602, 1, 1, 1, 1
26597563, 4, 49, 0, 0, 0, 392, 391, 392, 391, -294, 279, -5062, -635, 14, 88, -18, 712, 15202, 101220, 3106, 602, 1, 1, 1, 1
26698361, 4, 49, 0, 0, 0, 391, 392, 391, 392, -352, 269, -5061, 19, -10, -13, -82, 970, 15236, 101219, 3104, 602, 1, 1, 1, 1
26800000, 4, 49, 0, 0, 0, 391, 392, 391, 392, -425, 266, -5074, -87, -17, -12, -70, 492, 15520, 101220, 3103, 602, 1, 1, 1, 1
26900542, 4, 49, 0, 0, 0, 391, 392, 391, 392, -413, 261, -5088, -83, -17, -12, -100, 690, 15368, 101220, 3104, 602, 1, 1, 1, 1
27001708, 4, 49, 0, 0, 0, 391, 392, 391, 392, -432, 258, -5102, -47, -17, -13, -32, 640, 15420, 101219, 3105, 602, 1, 1, 1, 1
27102790, 4, 49, 0, 0, 0, 391, 392, 391, 392, -440, 256, -5115, -69, -18, -12, -50, 610, 15430, 101220, 3104, 602, 1, 1, 1, 1
27203557, 4, 49, 0, 0, 0, 391, 392, 391, 392, -444, 253, -5129, -63, -18, -12, -90, 614, 15426, 101220, 3105, 602, 1, 1, 1, 1
27305136, 4, 49, 0, 0, 0, 391, 392, 391, 392, -451, 250, -5143, -59, -18, -13, -60, 612, 15408, 101221, 3107, 602, 1, 1, 1, 1
27405644, 4, 49, 0, 0, 0, 391, 392, 391, 392, -454, 247, -5156, -59, -18, -13, -64, 600, 15430, 101219, 3107, 602, 1, 1, 1, 1
27506732, 4, 49, 0, 0, 0, 391, 392, 391, 392, -456, 245, -5170, -57, -16, -12, -94, 626, 15314, 101222, 3108, 602, 1, 1, 1, 1
27607864, 4, 49, 0, 0, 0, 391, 392, 391, 392, -459, 243, -5183, -61, -18, -13, -48, 586, 15410, 101218, 3109, 602, 1, 1, 1, 1
