11097205, 0, 0, 0, 0, 0, 0, 0, 0, 0, 0, 0, 0, -509, 382, 402, 2292, -6108, 32767, 0, 0, 595, 1, 1, 1
11101718, 0, 0, 0, 0, 0, 0, 0, 0, 0, 0, 0, 0, -368, 48, 361, 2256, -6736, 32767, 0, 0, 595, 1, 1, 1
11104928, 0, 0, 0, 0, 0, 0, 0, 0, 0, 0, 0, 0, -231, -122, 313, 2828, -7216, 32767, 0, 0, 595, 1, 1, 1
11108020, 0, 0, 0, 0, 0, 0, 0, 0, 0, 0, 0, 0, -74, -230, 250, 3064, -7236, 32767, 0, 0, 595, 1, 1, 1
11111008, 0, 0, 0, 0, 0, 0, 0, 0, 0, 0, 0, 0, 100, -312, 173, 3020, -7604, 32767, 0, 0, 595, 1, 1, 1
11114033, 0, 0, 0, 0, 0, 0, 0, 0, 0, 0, 0, 0, 280, -388, 101, 2512, -7808, 32767, 0, 0, 595, 1, 1, 1
11117099, 0, 0, 0, 0, 0, 0, 0, 0, 0, 0, 0, 0, 470, -446, 47, 2140, -8028, 32767, 0, 0, 595, 1, 1, 1
11120138, 0, 0, 0, 0, 0, 0, 0, 0, 0, 0, 0, 0, 653, -502, 14, 1624, -8352, 32767, 0, 0, 595, 1, 1, 1
11123231, 0, 0, 0, 0, 0, 0, 0, 0, 0, 0, 0, 0, 840, -576, -23, 1180, -8552, 32767, 0, 0, 595, 1, 1, 1
11126965, 0, 0, 0, 0, 0, 0, 0, 0, 0, 0, 0, 0, 1023, -657, -74, 1020, -8568, 32767, 0, 0, 595, 1, 1, 1
11129443, 0, 0, 0, 0, 0, 0, 0, 0, 0, 0, 0, 0, 1128, -686, -113, 860, -8712, 32767, 0, 0, 595, 1, 1, 1
11132536, 0, 0, 0, 0, 0, 0, 0, 0, 0, 0, 0, 0, 1345, -767, -193, 428, -8840, 32767, 0, 0, 595, 1, 1, 1
11135507, 0, 0, 0, 0, 0, 0, 0, 0, 0, 0, 0, 0, 1563, -878, -276, -280, -8844, 32767, 0, 0, 595, 1, 1, 1
11138542, 0, 0, 0, 0, 0, 0, 0, 0, 0, 0, 0, 0, 1791, -1009, -333, -1124, -9068, 32767, 0, 0, 595, 1, 1, 1
11141639, 0, 0, 0, 0, 0, 0, 0, 0, 0, 0, 0, 0, 2027, -1141, -382, -1948, -9036, 32767, 0, 0, 595, 1, 1, 1
11144636, 0, 0, 0, 0, 0, 0, 0, 0, 0, 0, 0, 0, 2248, -1274, -436, -2388, -8844, 32767, 0, 0, 595, 1, 1, 1
11147692, 0, 0, 0, 0, 0, 0, 0, 0, 0, 0, 0, 0, 2461, -1421, -492, -3092, -8532, 32767, 0, 0, 595, 1, 1, 1
11150696, 0, 0, 0, 0, 0, 0, 0, 0, 0, 0, 0, 0, 2669, -1567, -551, -3756, -8192, 32767, 0, 0, 595, 1, 1, 1
11153752, 0, 0, 0, 0, 0, 0, 0, 0, 0, 0, 0, 0, 2873, -1690, -600, -4460, -7788, 32767, 0, 0, 595, 1, 1, 1
11156798, 0, 0, 0, 0, 0, 0, 0, 0, 0, 0, 0, 0, 3067, -1802, -640, -5164, -7480, 32767, 0, 0, 595, 1, 1, 1
11159863, 0, 0, 0, 0, 0, 0, 0, 0, 0, 0, 0, 0, 3252, -1928, -667, -5884, -7392, 32767, 0, 0, 595, 1, 1, 1
11163614, 0, 0, 0, 0, 0, 0, 0, 0, 0, 0, 0, 0, 3527, -2223, -680, -6884, -7068, 29720, 0, 0, 595, 1, 1, 1
11166620, 0, 0, 0, 0, 0, 0, 0, 0, 0, 0, 0, 0, 3723, -2462, -669, -7208, -6740, 27540, 0, 0, 595, 1, 1, 1
11169642, 0, 0, 0, 0, 0, 0, 0, 0, 0, 0, 0, 0, 3935, -2664, -642, -7176, -6340, 25316, 0, 0, 595, 1, 1, 1
11172690, 0, 0, 0, 0, 0, 0, 0, 0, 0, 0, 0, 0, 4164, -2786, -602, -7288, -6004, 23104, 0, 0, 595, 1, 1, 1
11175619, 0, 0, 0, 0, 0, 0, 0, 0, 0, 0, 0, 0, 4374, -2875, -533, -7772, -5832, 20408, 0, 0, 595, 1, 1, 1
11179024, 0, 0, 0, 0, 0, 0, 0, 0, 0, 0, 0, 0, 4627, -3048, -385, -8500, -5308, 16176, 0, 0, 595, 1, 1, 1
11181765, 0, 0, 0, 0, 0, 0, 0, 0, 0, 0, 0, 0, 4748, -3238, -271, -8552, -4432, 13260, 0, 0, 595, 1, 1, 1
11184545, 0, 0, 0, 0, 0, 0, 0, 0, 0, 0, 0, 0, 4814, -3456, -154, -8624, -3752, 10572, 0, 0, 595, 1, 1, 1
11187970, 0, 0, 0, 0, 0, 0, 0, 0, 0, 0, 0, 0, 4845, -3630, -46, -7316, -3616, 9372, 0, 0, 595, 1, 1, 1
11190746, 0, 0, 0, 0, 0, 0, 0, 0, 0, 0, 0, 0, 4828, -3841, -67, -7560, -2588, 8256, 0, 0, 595, 1, 1, 1
11194109, 0, 0, 0, 0, 0, 0, 0, 0, 0, 0, 0, 0, 4858, -4418, -35, -6264, -2084, 4288, 0, 0, 595, 1, 1, 1
11197487, 0, 0, 0, 0, 0, 0, 0, 0, 0, 0, 0, 0, 4832, -4567, -44, -4248, -2992, 1056, 0, 0, 595, 1, 1, 1
11200265, 0, 0, 0, 0, 0, 0, 0, 0, 0, 0, 0, 0, 4711, -4405, -67, -2768, -3236, -424, 0, 0, 595, 1, 1, 1
11203645, 0, 0, 0, 0, 0, 0, 0, 0, 0, 0, 0, 0, 4441, -3827, -181, -180, -1828, -2640, 0, 0, 595, 1, 1, 1
11206384, 0, 0, 0, 0, 0, 0, 0, 0, 0, 0, 0, 0, 4215, -3362, -313, 744, -596, -3504, 0, 0, 595, 1, 1, 1
11209791, 0, 0, 0, 0, 0, 0, 0, 0, 0, 0, 0, 0, 3841, -2778, -541, 728, 416, -4716, 0, 0, 595, 1, 1, 1
11212571, 0, 0, 0, 0, 0, 0, 0, 0, 0, 0, 0, 0, 3586, -2492, -687, 384, 888, -5496, 0, 0, 595, 1, 1, 1
11215970, 0, 0, 0, 0, 0, 0, 0, 0, 0, 0, 0, 0, 3236, -2237, -839, -368, 1656, -6080, 0, 0, 595, 1, 1, 1
11218755, 0, 0, 0, 0, 0, 0, 0, 0, 0, 0, 0, 0, 3025, -2159, -887, -780, 1832, -6540, 0, 0, 595, 1, 1, 1
11222135, 0, 0, 0, 0, 0, 0, 0, 0, 0, 0, 0, 0, 2724, -2127, -907, -1220, 2260, -7348, 0, 0, 595, 1, 1, 1
11224943, 0, 0, 0, 0, 0, 0, 0, 0, 0, 0, 0, 0, 2529, -2150, -903, -1260, 2876, -7900, 0, 0, 595, 1, 1, 1
11228412, 0, 0, 0, 0, 0, 0, 0, 0, 0, 0, 0, 0, 2320, -2179, -891, -1036, 3496, -8504, 0, 0, 595, 1, 1, 1
11231440, 0, 0, 0, 0, 0, 0, 0, 0, 0, 0, 0, 0, 2129, -2188, -884, -812, 4072, -8684, 0, 0, 595, 1, 1, 1
11234205, 0, 0, 0, 0, 0, 0, 0, 0, 0, 0, 0, 0, 1947, -2146, -878, -320, 4624, -9144, 0, 0, 595, 1, 1, 1
11237072, 0, 0, 0, 0, 0, 0, 0, 0, 0, 0, 0, 0, 1797, -2033, -870, 296, 4988, -9512, 0, 0, 595, 1, 1, 1
11240488, 0, 0, 0, 0, 0, 0, 0, 0, 0, 0, 0, 0, 1603, -1758, -839, 716, 5180, -10204, 0, 0, 595, 1, 1, 1
11243257, 0, 0, 0, 0, 0, 0, 0, 0, 0, 0, 0, 0, 1493, -1535, -793, 764, 5584, -10904, 0, 0, 595, 1, 1, 1
11246607, 0, 0, 0, 0, 0, 0, 0, 0, 0, 0, 0, 0, 1298, -1244, -720, 260, 6612, -11952, 0, 0, 595, 1, 1, 1
11249412, 0, 0, 0, 0, 0, 0, 0, 0, 0, 0, 0, 0, 1142, -1124, -668, -116, 7292, -12696, 0, 0, 595, 1, 1, 1
11252787, 0, 0, 0, 0, 0, 0, 0, 0, 0, 0, 0, 0, 851, -1089, -604, -1232, 8220, -13744, 0, 0, 595, 1, 1, 1
11255557, 0, 0, 0, 0, 0, 0, 0, 0, 0, 0, 0, 0, 639, -1150, -576, -1724, 8980, -14464, 0, 0, 595, 1, 1, 1
11258951, 0, 0, 0, 0, 0, 0, 0, 0, 0, 0, 0, 0, 308, -1230, -566, -2072, 10084, -14984, 0, 0, 595, 1, 1, 1
11261733, 0, 0, 0, 0, 0, 0, 0, 0, 0, 0, 0, 0, 87, -1211, -572, -2360, 10848, -15400, 0, 0, 595, 1, 1, 1
11265120, 0, 0, 0, 0, 0, 0, 0, 0, 0, 0, 0, 0, -230, -1024, -550, -2704, 11824, -15548, 0, 0, 595, 1, 1, 1
11268472, 0, 0, 0, 0, 0, 0, 0, 0, 0, 0, 0, 0, -545, -703, -467, -3140, 12480, -15260, 0, 0, 595, 1, 1, 1
11271246, 0, 0, 0, 0, 0, 0, 0, 0, 0, 0, 0, 0, -762, -475, -375, -3644, 12760, -14924, 0, 0, 595, 1, 1, 1
11274073, 0, 0, 0, 0, 0, 0, 0, 0, 0, 0, 0, 0, -977, -257, -267, -3984, 12904, -14404, 0, 0, 595, 1, 1, 1
11277438, 0, 0, 0, 0, 0, 0, 0, 0, 0, 0, 0, 0, -1296, 6, -109, -4704, 13016, -13712, 0, 0, 595, 1, 1, 1
11280218, 0, 0, 0, 0, 0, 0, 0, 0, 0, 0, 0, 0, -1504, 130, -10, -4900, 13032, -12956, 0, 0, 595, 1, 1, 1
11283593, 0, 0, 0, 0, 0, 0, 0, 0, 0, 0, 0, 0, -1795, 343, 126, -5000, 12952, -11376, 0, 0, 595, 1, 1, 1
11287029, 0, 0, 0, 0, 0, 0, 0, 0, 0, 0, 0, 0, -2051, 635, 244, -5176, 12836, -9968, 0, 0, 595, 1, 1, 1
11289810, 0, 0, 0, 0, 0, 0, 0, 0, 0, 0, 0, 0, -2226, 808, 328, -5560, 12788, -8860, 0, 0, 595, 1, 1, 1
11293214, 0, 0, 0, 0, 0, 0, 0, 0, 0, 0, 0, 0, -2549, 941, 461, -6544, 12844, -6944, 0, 0, 595, 1, 1, 1
11295955, 0, 0, 0, 0, 0, 0, 0, 0, 0, 0, 0, 0, -2801, 964, 557, -6980, 12720, -5160, 0, 0, 595, 1, 1, 1
11299360, 0, 0, 0, 0, 0, 0, 0, 0, 0, 0, 0, 0, -3152, 1012, 723, -6892, 12580, -2172, 0, 0, 595, 1, 1, 1
11302115, 0, 0, 0, 0, 0, 0, 0, 0, 0, 0, 0, 0, -3346, 1109, 859, -6768, 12060, 264, 0, 0, 595, 1, 1, 1
11305463, 0, 0, 0, 0, 0, 0, 0, 0, 0, 0, 0, 0, -3599, 1212, 1090, -6884, 11072, 3420, 0, 0, 595, 1, 1, 1
11308218, 0, 0, 0, 0, 0, 0, 0, 0, 0, 0, 0, 0, -3766, 1184, 1264, -6884, 10672, 5332, 0, 0, 595, 1, 1, 1
11311086, 0, 0, 0, 0, 0, 0, 0, 0, 0, 0, 0, 0, -3924, 1052, 1438, -7012, 10120, 7196, 0, 0, 595, 1, 1, 1
11314169, 0, 0, 0, 0, 0, 0, 0, 0, 0, 0, 0, 0, -4059, 840, 1608, -6672, 9796, 9440, 0, 0, 595, 1, 1, 1
11317269, 0, 0, 0, 0, 0, 0, 0, 0, 0, 0, 0, 0, -4127, 746, 1671, -6148, 9856, 10508, 0, 0, 595, 1, 1, 1
11320357, 0, 0, 0, 0, 0, 0, 0, 0, 0, 0, 0, 0, -4195, 690, 1785, -5136, 9396, 12892, 0, 0, 595, 1, 1, 1
11323461, 0, 0, 0, 0, 0, 0, 0, 0, 0, 0, 0, 0, -4190, 706, 1831, -4852, 9132, 14068, 0, 0, 595, 1, 1, 1
11326527, 0, 0, 0, 0, 0, 0, 0, 0, 0, 0, 0, 0, -4165, 710, 1904, -5072, 8796, 16236, 0, 0, 595, 1, 1, 1
11330263, 0, 0, 0, 0, 0, 0, 0, 0, 0, 0, 0, 0, -4144, 640, 1980, -5516, 8568, 18108, 0, 0, 595, 1, 1, 1
11332698, 0, 0, 0, 0, 0, 0, 0, 0, 0, 0, 0, 0, -4129, 576, 2021, -5760, 8256, 18888, 0, 0, 595, 1, 1, 1
11336269, 0, 0, 0, 0, 0, 0, 0, 0, 0, 0, 0, 0, -4057, 384, 2119, -6388, 8088, 20384, 0, 0, 595, 1, 1, 1
11338867, 0, 0, 0, 0, 0, 0, 0, 0, 0, 0, 0, 0, -4029, 265, 2175, -6772, 7304, 21012, 0, 0, 595, 1, 1, 1
11342389, 0, 0, 0, 0, 0, 0, 0, 0, 0, 0, 0, 0, -3957, -17, 2300, -6652, 8836, 21944, 0, 0, 595, 1, 1, 1
11345036, 0, 0, 0, 0, 0, 0, 0, 0, 0, 0, 0, 0, -3917, -137, 2393, -6220, 5700, 23248, 0, 0, 595, 1, 1, 1
11348465, 0, 0, 0, 0, 0, 0, 0, 0, 0, 0, 0, 0, -3471, -163, 2449, -4896, 3564, 25140, 0, 0, 595, 1, 1, 1
11351231, 0, 0, 0, 0, 0, 0, 0, 0, 0, 0, 0, 0, -3355, -241, 2482, -4600, 4340, 24316, 0, 0, 595, 1, 1, 1
11354496, 0, 0, 0, 0, 0, 0, 0, 0, 0, 0, 0, 0, -3262, -547, 2553, -4612, 5744, 22852, 0, 0, 595, 1, 1, 1
11357393, 0, 0, 0, 0, 0, 0, 0, 0, 0, 0, 0, 0, -3257, -756, 2599, -4820, 5896, 22196, 0, 0, 595, 1, 1, 1
11360581, 0, 0, 0, 0, 0, 0, 0, 0, 0, 0, 0, 0, -3286, -1133, 2692, -4300, 4896, 21756, 0, 0, 595, 1, 1, 1
11363552, 0, 0, 0, 0, 0, 0, 0, 0, 0, 0, 0, 0, -3281, -1228, 2729, -3424, 4112, 21424, 0, 0, 595, 1, 1, 1
11366641, 0, 0, 0, 0, 0, 0, 0, 0, 0, 0, 0, 0, -3242, -1309, 2810, -2096, 2852, 21712, 0, 0, 595, 1, 1, 1
11369725, 0, 0, 0, 0, 0, 0, 0, 0, 0, 0, 0, 0, -3212, -1321, 2849, -1428, 2468, 21780, 0, 0, 595, 1, 1, 1
11372808, 0, 0, 0, 0, 0, 0, 0, 0, 0, 0, 0, 0, -3171, -1308, 2922, -640, 1980, 21704, 0, 0, 595, 1, 1, 1
11375920, 0, 0, 0, 0, 0, 0, 0, 0, 0, 0, 0, 0, -3166, -1323, 2957, -600, 1792, 21152, 0, 0, 602, 1, 1, 1
11378996, 0, 0, 0, 0, 0, 0, 0, 0, 0, 0, 0, 0, -3175, -1452, 3004, -396, 1268, 21012, 0, 0, 602, 1, 1, 1
11382093, 0, 0, 0, 0, 0, 0, 0, 0, 0, 0, 0, 0, -3179, -1560, 3024, -424, 792, 21136, 0, 0, 602, 1, 1, 1
11385164, 0, 0, 0, 0, 0, 0, 0, 0, 0, 0, 0, 0, -3172, -1739, 3046, 332, -236, 21260, 0, 0, 602, 1, 1, 1
11388849, 0, 0, 0, 0, 0, 0, 0, 0, 0, 0, 0, 0, -3119, -1846, 3059, 1708, -1688, 21496, 0, 0, 602, 1, 1, 1
11391333, 0, 0, 0, 0, 0, 0, 0, 0, 0, 0, 0, 0, -3077, -1866, 3068, 2368, -2472, 21408, 0, 0, 602, 1, 1, 1
11394921, 0, 0, 0, 0, 0, 0, 0, 0, 0, 0, 0, 0, -2988, -1950, 3069, 3004, -3544, 21560, 0, 0, 602, 1, 1, 1
11397501, 0, 0, 0, 0, 0, 0, 0, 0, 0, 0, 0, 0, -2937, -2017, 3070, 3212, -4276, 21348, 0, 0, 602, 1, 1, 1
11400962, 0, 0, 0, 0, 0, 0, 0, 0, 0, 0, 0, 0, -2844, -2188, 3052, 3536, -5188, 20956, 0, 0, 602, 1, 1, 1
11403688, 0, 0, 0, 0, 0, 0, 0, 0, 0, 0, 0, 0, -2804, -2285, 3041, 3604, -5484, 20836, 0, 0, 602, 1, 1, 1
11407059, 0, 0, 0, 0, 0, 0, 0, 0, 0, 0, 0, 0, -2743, -2492, 3017, 4120, -6324, 20424, 0, 0, 602, 1, 1, 1
11409867, 0, 0, 0, 0, 0, 0, 0, 0, 0, 0, 0, 0, -2710, -2570, 3010, 4596, -6848, 20216, 0, 0, 602, 1, 1, 1
11413103, 0, 0, 0, 0, 0, 0, 0, 0, 0, 0, 0, 0, -2624, -2607, 3007, 5476, -7504, 20088, 0, 0, 602, 1, 1, 1
11416023, 0, 0, 0, 0, 0, 0, 0, 0, 0, 0, 0, 0, -2567, -2566, 3008, 5816, -7872, 20172, 0, 0, 602, 1, 1, 1
11419152, 0, 0, 0, 0, 0, 0, 0, 0, 0, 0, 0, 0, -2457, -2406, 3017, 6928, -8748, 20240, 0, 0, 602, 1, 1, 1
11422185, 0, 0, 0, 0, 0, 0, 0, 0, 0, 0, 0, 0, -2406, -2307, 3019, 7448, -8904, 20088, 0, 0, 602, 1, 1, 1
11425270, 0, 0, 0, 0, 0, 0, 0, 0, 0, 0, 0, 0, -2323, -2100, 3039, 7952, -9324, 20248, 0, 0, 602, 1, 1, 1
11428359, 0, 0, 0, 0, 0, 0, 0, 0, 0, 0, 0, 0, -2289, -2004, 3048, 7928, -9720, 20548, 0, 0, 595, 1, 1, 1
11431466, 0, 0, 0, 0, 0, 0, 0, 0, 0, 0, 0, 0, -2259, -1933, 3065, 8256, -10116, 20592, 0, 0, 595, 1, 1, 1
11434559, 0, 0, 0, 0, 0, 0, 0, 0, 0, 0, 0, 0, -2179, -1792, 3079, 8784, -11284, 20984, 0, 0, 595, 1, 1, 1
11437650, 0, 0, 0, 0, 0, 0, 0, 0, 0, 0, 0, 0, -2073, -1637, 3082, 9796, -12144, 21628, 0, 0, 595, 1, 1, 1
11440712, 0, 0, 0, 0, 0, 0, 0, 0, 0, 0, 0, 0, -2005, -1535, 3077, 10332, -12392, 22012, 0, 0, 595, 1, 1, 1
11443799, 0, 0, 0, 0, 0, 0, 0, 0, 0, 0, 0, 0, -1925, -1432, 3062, 11168, -12800, 21992, 0, 0, 595, 1, 1, 1
11447484, 0, 0, 0, 0, 0, 0, 0, 0, 0, 0, 0, 0, -1660, -1048, 3005, 12720, -14488, 22648, 0, 0, 595, 1, 1, 1
11449973, 0, 0, 0, 0, 0, 0, 0, 0, 0, 0, 0, 0, -1569, -927, 2977, 13328, -15152, 22520, 0, 0, 595, 1, 1, 1
11453554, 0, 0, 0, 0, 0, 0, 0, 0, 0, 0, 0, 0, -1370, -718, 2921, 13848, -16388, 22388, 0, 0, 595, 1, 1, 1
11456133, 0, 0, 0, 0, 0, 0, 0, 0, 0, 0, 0, 0, -1261, -639, 2878, 13948, -17024, 22332, 0, 0, 595, 1, 1, 1
11459564, 0, 0, 0, 0, 0, 0, 0, 0, 0, 0, 0, 0, -1066, -594, 2776, 14052, -17404, 21848, 0, 0, 595, 1, 1, 1
11462327, 0, 0, 0, 0, 0, 0, 0, 0, 0, 0, 0, 0, -978, -618, 2715, 14100, -17740, 21184, 0, 0, 595, 1, 1, 1
11465652, 0, 0, 0, 0, 0, 0, 0, 0, 0, 0, 0, 0, -812, -728, 2591, 14364, -18412, 20644, 0, 0, 595, 1, 1, 1
11468495, 0, 0, 0, 0, 0, 0, 0, 0, 0, 0, 0, 0, -735, -780, 2526, 14600, -18804, 20280, 0, 0, 595, 1, 1, 1
11471704, 0, 0, 0, 0, 0, 0, 0, 0, 0, 0, 0, 0, -575, -828, 2391, 15400, -19896, 19760, 0, 0, 595, 1, 1, 1
11474661, 0, 0, 0, 0, 0, 0, 0, 0, 0, 0, 0, 0, -489, -822, 2323, 15976, -20348, 18964, 0, 0, 595, 1, 1, 1
11477791, 0, 0, 0, 0, 0, 0, 0, 0, 0, 0, 0, 0, -330, -721, 2188, 16820, -21116, 18240, 0, 0, 595, 1, 1, 1
11480836, 0, 0, 0, 0, 0, 0, 0, 0, 0, 0, 0, 0, -261, -640, 2115, 17160, -21372, 17724, 0, 0, 595, 1, 1, 1
11483913, 0, 0, 0, 0, 0, 0, 0, 0, 0, 0, 0, 0, -163, -453, 1969, 17684, -21300, 17000, 0, 0, 595, 1, 1, 1
11486996, 0, 0, 0, 0, 0, 0, 0, 0, 0, 0, 0, 0, -128, -359, 1898, 17596, -21328, 16664, 0, 0, 595, 1, 1, 1
11490112, 0, 0, 0, 0, 0, 0, 0, 0, 0, 0, 0, 0, -82, -192, 1741, 17532, -21644, 16140, 0, 0, 595, 1, 1, 1
11493197, 0, 0, 0, 0, 0, 0, 0, 0, 0, 0, 0, 0, -70, -117, 1663, 17336, -21920, 16116, 0, 0, 595, 1, 1, 1
11496286, 0, 0, 0, 0, 0, 0, 0, 0, 0, 0, 0, 0, -61, 17, 1534, 17356, -22312, 15968, 0, 0, 595, 1, 1, 1
11499973, 0, 0, 0, 0, 0, 0, 0, 0, 0, 0, 0, 0, -59, 147, 1441, 17552, -22696, 16248, 0, 0, 595, 1, 1, 1
11502440, 0, 0, 0, 0, 0, 0, 0, 0, 0, 0, 0, 0, -43, 220, 1396, 17964, -23040, 16360, 0, 0, 595, 1, 1, 1
11506052, 0, 0, 0, 0, 0, 0, 0, 0, 0, 0, 0, 0, 38, 418, 1164, 19076, -23580, 16988, 0, 0, 595, 1, 1, 1
11508610, 0, 0, 0, 0, 0, 0, 0, 0, 0, 0, 0, 0, 52, 540, 1072, 19776, -23912, 17132, 0, 0, 595, 1, 1, 1
11512083, 0, 0, 0, 0, 0, 0, 0, 0, 0, 0, 0, 0, 115, 765, 878, 20784, -24048, 17472, 0, 0, 595, 1, 1, 1
11514778, 0, 0, 0, 0, 0, 0, 0, 0, 0, 0, 0, 0, 151, 865, 768, 21168, -24164, 17664, 0, 0, 595, 1, 1, 1
11518215, 0, 0, 0, 0, 0, 0, 0, 0, 0, 0, 0, 0, 225, 1048, 527, 21384, -24544, 17808, 0, 0, 595, 1, 1, 1
11520961, 0, 0, 0, 0, 0, 0, 0, 0, 0, 0, 0, 0, 267, 1134, 399, 21264, -24592, 17976, 0, 0, 595, 1, 1, 1
11524256, 0, 0, 0, 0, 0, 0, 0, 0, 0, 0, 0, 0, 369, 1219, 145, 20896, -24624, 18172, 0, 0, 595, 1, 1, 1
11527123, 0, 0, 0, 0, 0, 0, 0, 0, 0, 0, 0, 0, 414, 1222, 16, 21020, -24488, 17972, 0, 0, 602, 1, 1, 1
11530938, 0, 0, 0, 0, 0, 0, 0, 0, 0, 0, 0, 0, 514, 1250, -213, 20988, -24528, 18068, 0, 0, 602, 1, 1, 1
11533296, 0, 0, 0, 0, 0, 0, 0, 0, 0, 0, 0, 0, 571, 1258, -321, 20496, -24580, 18100, 0, 0, 602, 1, 1, 1
11536388, 0, 0, 0, 0, 0, 0, 0, 0, 0, 0, 0, 0, 660, 1214, -526, 20048, -24484, 17744, 0, 0, 602, 1, 1, 1
11539473, 0, 0, 0, 0, 0, 0, 0, 0, 0, 0, 0, 0, 689, 1162, -624, 20164, -24428, 17048, 0, 0, 602, 1, 1, 1
11542550, 0, 0, 0, 0, 0, 0, 0, 0, 0, 0, 0, 0, 778, 1074, -836, 20244, -24276, 16736, 0, 0, 602, 1, 1, 1
11545660, 0, 0, 0, 0, 0, 0, 0, 0, 0, 0, 0, 0, 837, 1049, -949, 20332, -24192, 16664, 0, 0, 602, 1, 1, 1
11548752, 0, 0, 0, 0, 0, 0, 0, 0, 0, 0, 0, 0, 940, 1027, -1186, 20804, -24156, 16176, 0, 0, 602, 1, 1, 1
11551832, 0, 0, 0, 0, 0, 0, 0, 0, 0, 0, 0, 0, 983, 1040, -1305, 21116, -24028, 15580, 0, 0, 602, 1, 1, 1
11554892, 0, 0, 0, 0, 0, 0, 0, 0, 0, 0, 0, 0, 1049, 1096, -1558, 21176, -23532, 14888, 0, 0, 602, 1, 1, 1
11558625, 0, 0, 0, 0, 0, 0, 0, 0, 0, 0, 0, 0, 1096, 1142, -1813, 20776, -22864, 14512, 0, 0, 602, 1, 1, 1
11561078, 0, 0, 0, 0, 0, 0, 0, 0, 0, 0, 0, 0, 1107, 1159, -1940, 20488, -22544, 14400, 0, 0, 602, 1, 1, 1
11564653, 0, 0, 0, 0, 0, 0, 0, 0, 0, 0, 0, 0, 1134, 1214, -2186, 20056, -21984, 13900, 0, 0, 602, 1, 1, 1
11567251, 0, 0, 0, 0, 0, 0, 0, 0, 0, 0, 0, 0, 1153, 1245, -2302, 20076, -21808, 13568, 0, 0, 602, 1, 1, 1
11570717, 0, 0, 0, 0, 0, 0, 0, 0, 0, 0, 0, 0, 1200, 1342, -2537, 19480, -21392, 13380, 0, 0, 602, 1, 1, 1
11573425, 0, 0, 0, 0, 0, 0, 0, 0, 0, 0, 0, 0, 1222, 1397, -2654, 19048, -21124, 13420, 0, 0, 602, 1, 1, 1
11576874, 0, 0, 0, 0, 0, 0, 0, 0, 0, 0, 0, 0, 1277, 1506, -2889, 18496, -20464, 13216, 0, 0, 602, 1, 1, 1
11579603, 0, 0, 0, 0, 0, 0, 0, 0, 0, 0, 0, 0, 1304, 1560, -3004, 18428, -20168, 12968, 0, 0, 595, 1, 1, 1
11582858, 0, 0, 0, 0, 0, 0, 0, 0, 0, 0, 0, 0, 1371, 1694, -3232, 18076, -19516, 13064, 0, 0, 595, 1, 1, 1
11585754, 0, 0, 0, 0, 0, 0, 0, 0, 0, 0, 0, 0, 1413, 1786, -3338, 17784, -19212, 13564, 0, 0, 595, 1, 1, 1
11588959, 0, 0, 0, 0, 0, 0, 0, 0, 0, 0, 0, 0, 1503, 1987, -3546, 17100, -18456, 13880, 0, 0, 595, 1, 1, 1
11591932, 0, 0, 0, 0, 0, 0, 0, 0, 0, 0, 0, 0, 1539, 2083, -3643, 16856, -18316, 13820, 0, 0, 595, 1, 1, 1
11595016, 0, 0, 0, 0, 0, 0, 0, 0, 0, 0, 0, 0, 1647, 2260, -3821, 15928, -17712, 14356, 0, 0, 595, 1, 1, 1
11598109, 0, 0, 0, 0, 0, 0, 0, 0, 0, 0, 0, 0, 1716, 2343, -3909, 15500, -17444, 14924, 0, 0, 595, 1, 1, 1
11601189, 0, 0, 0, 0, 0, 0, 0, 0, 0, 0, 0, 0, 1891, 2512, -4063, 14824, -16932, 15272, 0, 0, 595, 1, 1, 1
11604288, 0, 0, 0, 0, 0, 0, 0, 0, 0, 0, 0, 0, 1986, 2581, -4135, 14104, -16356, 14904, 0, 0, 595, 1, 1, 1
11607380, 0, 0, 0, 0, 0, 0, 0, 0, 0, 0, 0, 0, 2135, 2582, -4261, 11688, -14744, 14552, 0, 0, 595, 1, 1, 1
11610476, 0, 0, 0, 0, 0, 0, 0, 0, 0, 0, 0, 0, 2206, 2545, -4306, 10656, -14056, 14624, 0, 0, 595, 1, 1, 1
11613536, 0, 0, 0, 0, 0, 0, 0, 0, 0, 0, 0, 0, 2281, 2495, -4340, 9768, -13764, 14252, 0, 0, 595, 1, 1, 1
11617178, 0, 0, 0, 0, 0, 0, 0, 0, 0, 0, 0, 0, 2505, 2282, -4422, 7296, -12452, 13736, 0, 0, 595, 1, 1, 1
11619718, 0, 0, 0, 0, 0, 0, 0, 0, 0, 0, 0, 0, 2572, 2193, -4436, 6628, -11988, 13232, 0, 0, 595, 1, 1, 1
11623286, 0, 0, 0, 0, 0, 0, 0, 0, 0, 0, 0, 0, 2680, 1973, -4456, 4996, -10568, 12244, 0, 0, 595, 1, 1, 1
11625885, 0, 0, 0, 0, 0, 0, 0, 0, 0, 0, 0, 0, 2717, 1832, -4461, 4068, -9904, 11804, 0, 0, 595, 1, 1, 1
11629292, 0, 0, 0, 0, 0, 0, 0, 0, 0, 0, 0, 0, 2745, 1512, -4464, 2576, -8556, 10488, 0, 0, 595, 1, 1, 1
11632083, 0, 0, 0, 0, 0, 0, 0, 0, 0, 0, 0, 0, 2735, 1324, -4464, 2244, -7820, 9824, 0, 0, 595, 1, 1, 1
11635482, 0, 0, 0, 0, 0, 0, 0, 0, 0, 0, 0, 0, 2677, 1000, -4469, 1500, -6408, 8972, 0, 0, 595, 1, 1, 1
11638253, 0, 0, 0, 0, 0, 0, 0, 0, 0, 0, 0, 0, 2639, 868, -4467, 1484, -5756, 8604, 0, 0, 595, 1, 1, 1
11641496, 0, 0, 0, 0, 0, 0, 0, 0, 0, 0, 0, 0, 2559, 708, -4484, 1356, -4680, 7768, 0, 0, 595, 1, 1, 1
11644406, 0, 0, 0, 0, 0, 0, 0, 0, 0, 0, 0, 0, 2512, 681, -4488, 1388, -4124, 7376, 0, 0, 595, 1, 1, 1
11647534, 0, 0, 0, 0, 0, 0, 0, 0, 0, 0, 0, 0, 2413, 681, -4518, 1420, -2960, 6968, 0, 0, 595, 1, 1, 1
11650569, 0, 0, 0, 0, 0, 0, 0, 0, 0, 0, 0, 0, 2352, 700, -4538, 1300, -2372, 6680, 0, 0, 595, 1, 1, 1
11653664, 0, 0, 0, 0, 0, 0, 0, 0, 0, 0, 0, 0, 2211, 763, -4585, 1216, -1288, 6504, 0, 0, 595, 1, 1, 1
11656745, 0, 0, 0, 0, 0, 0, 0, 0, 0, 0, 0, 0, 2136, 797, -4614, 996, -860, 6568, 0, 0, 595, 1, 1, 1
11659849, 0, 0, 0, 0, 0, 0, 0, 0, 0, 0, 0, 0, 1981, 835, -4686, 620, 116, 6288, 0, 0, 595, 1, 1, 1
11662927, 0, 0, 0, 0, 0, 0, 0, 0, 0, 0, 0, 0, 1907, 846, -4724, 616, 500, 6604, 0, 0, 595, 1, 1, 1
11666016, 0, 0, 0, 0, 0, 0, 0, 0, 0, 0, 0, 0, 1774, 910, -4815, 548, 1180, 6936, 0, 0, 595, 1, 1, 1
11669703, 0, 0, 0, 0, 0, 0, 0, 0, 0, 0, 0, 0, 1676, 1050, -4929, 472, 1996, 7636, 0, 0, 595, 1, 1, 1
11672168, 0, 0, 0, 0, 0, 0, 0, 0, 0, 0, 0, 0, 1648, 1151, -4994, 416, 2368, 7928, 0, 0, 595, 1, 1, 1
11675807, 0, 0, 0, 0, 0, 0, 0, 0, 0, 0, 0, 0, 1623, 1405, -5126, 500, 3164, 8644, 0, 0, 595, 1, 1, 1
11678354, 0, 0, 0, 0, 0, 0, 0, 0, 0, 0, 0, 0, 1625, 1550, -5197, 380, 3412, 8804, 0, 0, 602, 1, 1, 1
11681872, 0, 0, 0, 0, 0, 0, 0, 0, 0, 0, 0, 0, 1671, 1869, -5337, 80, 3856, 9636, 0, 0, 602, 1, 1, 1
11684523, 0, 0, 0, 0, 0, 0, 0, 0, 0, 0, 0, 0, 1707, 2047, -5410, -196, 4148, 9932, 0, 0, 602, 1, 1, 1
11687948, 0, 0, 0, 0, 0, 0, 0, 0, 0, 0, 0, 0, 1801, 2392, -5548, -744, 4852, 10604, 0, 0, 602, 1, 1, 1
11690711, 0, 0, 0, 0, 0, 0, 0, 0, 0, 0, 0, 0, 1852, 2549, -5616, -1284, 5244, 10800, 0, 0, 602, 1, 1, 1
11694032, 0, 0, 0, 0, 0, 0, 0, 0, 0, 0, 0, 0, 1975, 2823, -5725, -2180, 6056, 11384, 0, 0, 602, 1, 1, 1
11696860, 0, 0, 0, 0, 0, 0, 0, 0, 0, 0, 0, 0, 2042, 2925, -5770, -2868, 6396, 11416, 0, 0, 602, 1, 1, 1
11700116, 0, 0, 0, 0, 0, 0, 0, 0, 0, 0, 0, 0, 2193, 3030, -5836, -4404, 6948, 11728, 0, 0, 602, 1, 1, 1
11703031, 0, 0, 0, 0, 0, 0, 0, 0, 0, 0, 0, 0, 2266, 3021, -5854, -5296, 7088, 11588, 0, 0, 602, 1, 1, 1
11706124, 0, 0, 0, 0, 0, 0, 0, 0, 0, 0, 0, 0, 2410, 2889, -5857, -7228, 7556, 11400, 0, 0, 602, 1, 1, 1
11709205, 0, 0, 0, 0, 0, 0, 0, 0, 0, 0, 0, 0, 2483, 2781, -5835, -8016, 7936, 11188, 0, 0, 602, 1, 1, 1
11712301, 0, 0, 0, 0, 0, 0, 0, 0, 0, 0, 0, 0, 2606, 2519, -5761, -9452, 8440, 10380, 0, 0, 602, 1, 1, 1
11715380, 0, 0, 0, 0, 0, 0, 0, 0, 0, 0, 0, 0, 2653, 2391, -5704, -9856, 8688, 9940, 0, 0, 602, 1, 1, 1
11718488, 0, 0, 0, 0, 0, 0, 0, 0, 0, 0, 0, 0, 2747, 2243, -5583, -10736, 9976, 8896, 0, 0, 602, 1, 1, 1
11721580, 0, 0, 0, 0, 0, 0, 0, 0, 0, 0, 0, 0, 2794, 2211, -5518, -11200, 10688, 8444, 0, 0, 602, 1, 1, 1
11724666, 0, 0, 0, 0, 0, 0, 0, 0, 0, 0, 0, 0, 2871, 2160, -5368, -12572, 11248, 7236, 0, 0, 602, 1, 1, 1
11728420, 0, 0, 0, 0, 0, 0, 0, 0, 0, 0, 0, 0, 2903, 2087, -5188, -13780, 11828, 5840, 0, 0, 602, 1, 1, 1
11730818, 0, 0, 0, 0, 0, 0, 0, 0, 0, 0, 0, 0, 2903, 2026, -5094, -14128, 12256, 5124, 0, 0, 595, 1, 1, 1
11734413, 0, 0, 0, 0, 0, 0, 0, 0, 0, 0, 0, 0, 2898, 1897, -4899, -14596, 12268, 3888, 0, 0, 595, 1, 1, 1
11736997, 0, 0, 0, 0, 0, 0, 0, 0, 0, 0, 0, 0, 2884, 1840, -4799, -14928, 12292, 3396, 0, 0, 595, 1, 1, 1
11740466, 0, 0, 0, 0, 0, 0, 0, 0, 0, 0, 0, 0, 2850, 1747, -4589, -15296, 12156, 2224, 0, 0, 595, 1, 1, 1
11743162, 0, 0, 0, 0, 0, 0, 0, 0, 0, 0, 0, 0, 2829, 1705, -4473, -15312, 12300, 1776, 0, 0, 595, 1, 1, 1
11746570, 0, 0, 0, 0, 0, 0, 0, 0, 0, 0, 0, 0, 2741, 1645, -4225, -15392, 12748, 720, 0, 0, 595, 1, 1, 1
11749342, 0, 0, 0, 0, 0, 0, 0, 0, 0, 0, 0, 0, 2688, 1611, -4101, -15464, 12976, 560, 0, 0, 595, 1, 1, 1
11752613, 0, 0, 0, 0, 0, 0, 0, 0, 0, 0, 0, 0, 2554, 1575, -3856, -15848, 13208, -308, 0, 0, 595, 1, 1, 1
11755510, 0, 0, 0, 0, 0, 0, 0, 0, 0, 0, 0, 0, 2476, 1569, -3741, -15752, 13296, -760, 0, 0, 595, 1, 1, 1
11758681, 0, 0, 0, 0, 0, 0, 0, 0, 0, 0, 0, 0, 2292, 1562, -3526, -16568, 13588, -1356, 0, 0, 595, 1, 1, 1
11761679, 0, 0, 0, 0, 0, 0, 0, 0, 0, 0, 0, 0, 2185, 1537, -3428, -16748, 13796, -1448, 0, 0, 595, 1, 1, 1
11764772, 0, 0, 0, 0, 0, 0, 0, 0, 0, 0, 0, 0, 1942, 1485, -3245, -17200, 14136, -1352, 0, 0, 595, 1, 1, 1
11767857, 0, 0, 0, 0, 0, 0, 0, 0, 0, 0, 0, 0, 1799, 1463, -3154, -17436, 14244, -1600, 0, 0, 595, 1, 1, 1
11770940, 0, 0, 0, 0, 0, 0, 0, 0, 0, 0, 0, 0, 1451, 1410, -2762, -18196, 15112, -1180, 0, 0, 595, 1, 1, 1
11774038, 0, 0, 0, 0, 0, 0, 0, 0, 0, 0, 0, 0, 1300, 1336, -2640, -18492, 14808, -920, 0, 0, 595, 1, 1, 1
11777128, 0, 0, 0, 0, 0, 0, 0, 0, 0, 0, 0, 0, 996, 1298, -2380, -18668, 14152, -20, 0, 0, 595, 1, 1, 1
11780212, 0, 0, 0, 0, 0, 0, 0, 0, 0, 0, 0, 0, 852, 1322, -2260, -18552, 14128, 388, 0, 0, 602, 1, 1, 1
11783276, 0, 0, 0, 0, 0, 0, 0, 0, 0, 0, 0, 0, 596, 1298, -2043, -18092, 14020, 1216, 0, 0, 602, 1, 1, 1
11786960, 0, 0, 0, 0, 0, 0, 0, 0, 0, 0, 0, 0, 385, 1249, -1866, -17872, 13744, 2496, 0, 0, 602, 1, 1, 1
11789445, 0, 0, 0, 0, 0, 0, 0, 0, 0, 0, 0, 0, 297, 1182, -1791, -17332, 13476, 2776, 0, 0, 602, 1, 1, 1
11793037, 0, 0, 0, 0, 0, 0, 0, 0, 0, 0, 0, 0, 161, 1097, -1658, -16956, 13240, 3784, 0, 0, 602, 1, 1, 1
11795616, 0, 0, 0, 0, 0, 0, 0, 0, 0, 0, 0, 0, 105, 1080, -1605, -16960, 13020, 4684, 0, 0, 602, 1, 1, 1
11799096, 0, 0, 0, 0, 0, 0, 0, 0, 0, 0, 0, 0, 15, 986, -1518, -16672, 12312, 5444, 0, 0, 602, 1, 1, 1
11801804, 0, 0, 0, 0, 0, 0, 0, 0, 0, 0, 0, 0, -16, 913, -1485, -16280, 11864, 5536, 0, 0, 602, 1, 1, 1
11805180, 0, 0, 0, 0, 0, 0, 0, 0, 0, 0, 0, 0, -60, 833, -1429, -15952, 11500, 6040, 0, 0, 602, 1, 1, 1
11807982, 0, 0, 0, 0, 0, 0, 0, 0, 0, 0, 0, 0, -79, 814, -1415, -16368, 11492, 6752, 0, 0, 602, 1, 1, 1
11811215, 0, 0, 0, 0, 0, 0, 0, 0, 0, 0, 0, 0, -112, 729, -1392, -16648, 11780, 7100, 0, 0, 602, 1, 1, 1
11814134, 0, 0, 0, 0, 0, 0, 0, 0, 0, 0, 0, 0, -128, 660, -1382, -16560, 11900, 6500, 0, 0, 602, 1, 1, 1
11817274, 0, 0, 0, 0, 0, 0, 0, 0, 0, 0, 0, 0, -165, 556, -1352, -17420, 12048, 6600, 0, 0, 602, 1, 1, 1
11820306, 0, 0, 0, 0, 0, 0, 0, 0, 0, 0, 0, 0, -183, 514, -1327, -18456, 12072, 7028, 0, 0, 602, 1, 1, 1
11823392, 0, 0, 0, 0, 0, 0, 0, 0, 0, 0, 0, 0, -218, 398, -1246, -19492, 11960, 7040, 0, 0, 602, 1, 1, 1
11826492, 0, 0, 0, 0, 0, 0, 0, 0, 0, 0, 0, 0, -242, 333, -1187, -19452, 11956, 6364, 0, 0, 602, 1, 1, 1
11829577, 0, 0, 0, 0, 0, 0, 0, 0, 0, 0, 0, 0, -294, 276, -1047, -20196, 12064, 6400, 0, 0, 602, 1, 1, 1
11832674, 0, 0, 0, 0, 0, 0, 0, 0, 0, 0, 0, 0, -322, 285, -963, -21032, 12268, 7060, 0, 0, 602, 1, 1, 1
11836127, 0, 0, 0, 0, 0, 0, 0, 0, 0, 0, 0, 0, -386, 309, -777, -21968, 12692, 6924, 0, 0, 602, 1, 1, 1
11839504, 0, 0, 0, 0, 0, 0, 0, 0, 0, 0, 0, 0, -469, 370, -560, -22580, 12948, 7072, 0, 0, 602, 1, 1, 1
11841913, 0, 0, 0, 0, 0, 0, 0, 0, 0, 0, 0, 0, -506, 399, -443, -22528, 13116, 6240, 0, 0, 602, 1, 1, 1
11845535, 0, 0, 0, 0, 0, 0, 0, 0, 0, 0, 0, 0, -575, 465, -159, -23284, 12988, 6276, 0, 0, 602, 1, 1, 1
11848099, 0, 0, 0, 0, 0, 0, 0, 0, 0, 0, 0, 0, -613, 488, -9, -24080, 12936, 7176, 0, 0, 602, 1, 1, 1
11851702, 0, 0, 0, 0, 0, 0, 0, 0, 0, 0, 0, 0, -697, 501, 323, -24408, 12608, 7568, 0, 0, 602, 1, 1, 1
11854260, 0, 0, 0, 0, 0, 0, 0, 0, 0, 0, 0, 0, -745, 495, 494, -23908, 12704, 7024, 0, 0, 602, 1, 1, 1
11857730, 0, 0, 0, 0, 0, 0, 0, 0, 0, 0, 0, 0, -849, 475, 824, -23572, 12848, 7408, 0, 0, 602, 1, 1, 1
11860456, 0, 0, 0, 0, 0, 0, 0, 0, 0, 0, 0, 0, -910, 462, 986, -23776, 12900, 8136, 0, 0, 602, 1, 1, 1
11863767, 0, 0, 0, 0, 0, 0, 0, 0, 0, 0, 0, 0, -1026, 464, 1283, -23004, 12676, 8900, 0, 0, 602, 1, 1, 1
11866607, 0, 0, 0, 0, 0, 0, 0, 0, 0, 0, 0, 0, -1078, 481, 1424, -22136, 12368, 8596, 0, 0, 602, 1, 1, 1
11869837, 0, 0, 0, 0, 0, 0, 0, 0, 0, 0, 0, 0, -1174, 524, 1713, -21280, 11896, 9200, 0, 0, 602, 1, 1, 1
11872774, 0, 0, 0, 0, 0, 0, 0, 0, 0, 0, 0, 0, -1214, 537, 1867, -21232, 11708, 10088, 0, 0, 602, 1, 1, 1
11875905, 0, 0, 0, 0, 0, 0, 0, 0, 0, 0, 0, 0, -1293, 533, 2165, -20564, 11224, 10844, 0, 0, 602, 1, 1, 1
11878949, 0, 0, 0, 0, 0, 0, 0, 0, 0, 0, 0, 0, -1325, 506, 2322, -19868, 11084, 10668, 0, 0, 602, 1, 1, 1
11882044, 0, 0, 0, 0, 0, 0, 0, 0, 0, 0, 0, 0, -1396, 357, 2628, -19604, 10404, 10932, 0, 0, 595, 1, 1, 1
11885126, 0, 0, 0, 0, 0, 0, 0, 0, 0, 0, 0, 0, -1455, 283, 2783, -19228, 9392, 12384, 0, 0, 595, 1, 1, 1
11888225, 0, 0, 0, 0, 0, 0, 0, 0, 0, 0, 0, 0, -1453, 138, 3083, -18360, 8744, 12932, 0, 0, 595, 1, 1, 1
11891309, 0, 0, 0, 0, 0, 0, 0, 0, 0, 0, 0, 0, -1515, 97, 3199, -16560, 8836, 11360, 0, 0, 595, 1, 1, 1
11894398, 0, 0, 0, 0, 0, 0, 0, 0, 0, 0, 0, 0, -1686, -66, 3399, -15124, 9592, 10572, 0, 0, 595, 1, 1, 1
11898087, 0, 0, 0, 0, 0, 0, 0, 0, 0, 0, 0, 0, -1902, -253, 3574, -14892, 9408, 10764, 0, 0, 595, 1, 1, 1
11900552, 0, 0, 0, 0, 0, 0, 0, 0, 0, 0, 0, 0, -2003, -380, 3664, -15336, 8892, 11856, 0, 0, 595, 1, 1, 1
11904184, 0, 0, 0, 0, 0, 0, 0, 0, 0, 0, 0, 0, -2168, -551, 3864, -15332, 7788, 12736, 0, 0, 595, 1, 1, 1
11906736, 0, 0, 0, 0, 0, 0, 0, 0, 0, 0, 0, 0, -2227, -601, 3971, -15140, 7324, 12832, 0, 0, 595, 1, 1, 1
11910201, 0, 0, 0, 0, 0, 0, 0, 0, 0, 0, 0, 0, -2289, -783, 4209, -15096, 6384, 14196, 0, 0, 595, 1, 1, 1
11912909, 0, 0, 0, 0, 0, 0, 0, 0, 0, 0, 0, 0, -2302, -920, 4336, -15384, 5892, 14952, 0, 0, 595, 1, 1, 1
11916305, 0, 0, 0, 0, 0, 0, 0, 0, 0, 0, 0, 0, -2328, -1183, 4583, -15704, 5404, 15148, 0, 0, 595, 1, 1, 1
11919090, 0, 0, 0, 0, 0, 0, 0, 0, 0, 0, 0, 0, -2345, -1316, 4704, -15484, 5036, 15080, 0, 0, 595, 1, 1, 1
11922368, 0, 0, 0, 0, 0, 0, 0, 0, 0, 0, 0, 0, -2381, -1686, 4948, -15884, 4736, 14728, 0, 0, 595, 1, 1, 1
11925246, 0, 0, 0, 0, 0, 0, 0, 0, 0, 0, 0, 0, -2411, -1913, 5087, -16048, 4764, 14704, 0, 0, 595, 1, 1, 1
11928444, 0, 0, 0, 0, 0, 0, 0, 0, 0, 0, 0, 0, -2455, -2270, 5359, -15788, 4124, 14552, 0, 0, 595, 1, 1, 1
11931420, 0, 0, 0, 0, 0, 0, 0, 0, 0, 0, 0, 0, -2471, -2386, 5487, -15700, 3568, 14564, 0, 0, 602, 1, 1, 1
11934548, 0, 0, 0, 0, 0, 0, 0, 0, 0, 0, 0, 0, -2479, -2645, 5755, -15388, 2644, 14416, 0, 0, 602, 1, 1, 1
11937604, 0, 0, 0, 0, 0, 0, 0, 0, 0, 0, 0, 0, -2468, -2776, 5892, -15200, 1984, 14360, 0, 0, 602, 1, 1, 1
11940688, 0, 0, 0, 0, 0, 0, 0, 0, 0, 0, 0, 0, -2396, -2909, 6158, -14336, 600, 14620, 0, 0, 602, 1, 1, 1
11943766, 0, 0, 0, 0, 0, 0, 0, 0, 0, 0, 0, 0, -2340, -2910, 6293, -14220, 80, 14796, 0, 0, 602, 1, 1, 1
11946864, 0, 0, 0, 0, 0, 0, 0, 0, 0, 0, 0, 0, -2209, -2914, 6557, -13236, -996, 15100, 0, 0, 602, 1, 1, 1
11949954, 0, 0, 0, 0, 0, 0, 0, 0, 0, 0, 0, 0, -2133, -2928, 6681, -12468, -1604, 14744, 0, 0, 602, 1, 1, 1
11953023, 0, 0, 0, 0, 0, 0, 0, 0, 0, 0, 0, 0, -1947, -2854, 6895, -11036, -2860, 14612, 0, 0, 602, 1, 1, 1
11956741, 0, 0, 0, 0, 0, 0, 0, 0, 0, 0, 0, 0, -1740, -2726, 7039, -9316, -3664, 14736, 0, 0, 602, 1, 1, 1
11959190, 0, 0, 0, 0, 0, 0, 0, 0, 0, 0, 0, 0, -1650, -2626, 7085, -8648, -3896, 15028, 0, 0, 602, 1, 1, 1
11962765, 0, 0, 0, 0, 0, 0, 0, 0, 0, 0, 0, 0, -1500, -2436, 7141, -6232, -4476, 14712, 0, 0, 602, 1, 1, 1
11965363, 0, 0, 0, 0, 0, 0, 0, 0, 0, 0, 0, 0, -1424, -2339, 7154, -4696, -5024, 14248, 0, 0, 602, 1, 1, 1
11968829, 0, 0, 0, 0, 0, 0, 0, 0, 0, 0, 0, 0, -1292, -2069, 7163, -2292, -6456, 14096, 0, 0, 602, 1, 1, 1
11971538, 0, 0, 0, 0, 0, 0, 0, 0, 0, 0, 0, 0, -1244, -1914, 7161, -1996, -7240, 14636, 0, 0, 602, 1, 1, 1
11974920, 0, 0, 0, 0, 0, 0, 0, 0, 0, 0, 0, 0, -1178, -1676, 7150, -388, -8696, 14592, 0, 0, 602, 1, 1, 1
11977731, 0, 0, 0, 0, 0, 0, 0, 0, 0, 0, 0, 0, -1155, -1601, 7132, 608, -9232, 14036, 0, 0, 602, 1, 1, 1
11981019, 0, 0, 0, 0, 0, 0, 0, 0, 0, 0, 0, 0, -1150, -1512, 7065, 1620, -9228, 13376, 0, 0, 602, 1, 1, 1
11983884, 0, 0, 0, 0, 0, 0, 0, 0, 0, 0, 0, 0, -1177, -1507, 7027, 1320, -9092, 13948, 0, 0, 595, 1, 1, 1
11987058, 0, 0, 0, 0, 0, 0, 0, 0, 0, 0, 0, 0, -1266, -1530, 6941, 2360, -9868, 14052, 0, 0, 595, 1, 1, 1
11990063, 0, 0, 0, 0, 0, 0, 0, 0, 0, 0, 0, 0, -1314, -1544, 6869, 3528, -10228, 13600, 0, 0, 595, 1, 1, 1
11993140, 0, 0, 0, 0, 0, 0, 0, 0, 0, 0, 0, 0, -1398, -1498, 6675, 5128, -10448, 14452, 0, 0, 595, 1, 1, 1
11996221, 0, 0, 0, 0, 0, 0, 0, 0, 0, 0, 0, 0, -1420, -1444, 6560, 5508, -10756, 15100, 0, 0, 595, 1, 1, 1
11999320, 0, 0, 0, 0, 0, 0, 0, 0, 0, 0, 0, 0, -1403, -1305, 6282, 7024, -11608, 15628, 0, 0, 595, 1, 1, 1
12002423, 0, 0, 0, 0, 0, 0, 0, 0, 0, 0, 0, 0, -1382, -1230, 6128, 7732, -11824, 15344, 0, 0, 595, 1, 1, 1
12005507, 0, 0, 0, 0, 0, 0, 0, 0, 0, 0, 0, 0, -1334, -1082, 5812, 8372, -12460, 15196, 0, 0, 595, 1, 1, 1
12008591, 0, 0, 0, 0, 0, 0, 0, 0, 0, 0, 0, 0, -1312, -1021, 5640, 8048, -12436, 15324, 0, 0, 595, 1, 1, 1
12011666, 0, 0, 0, 0, 0, 0, 0, 0, 0, 0, 0, 0, -1296, -998, 5468, 8268, -12412, 14956, 0, 0, 595, 1, 1, 1
12015290, 0, 0, 0, 0, 0, 0, 0, 0, 0, 0, 0, 0, -1265, -1026, 4951, 7096, -12160, 13840, 0, 0, 595, 1, 1, 1
12017831, 0, 0, 0, 0, 0, 0, 0, 0, 0, 0, 0, 0, -1277, -1081, 4785, 6760, -11996, 13320, 0, 0, 595, 1, 1, 1
12021393, 0, 0, 0, 0, 0, 0, 0, 0, 0, 0, 0, 0, -1302, -1166, 4488, 5992, -11964, 12268, 0, 0, 595, 1, 1, 1
12024010, 0, 0, 0, 0, 0, 0, 0, 0, 0, 0, 0, 0, -1314, -1184, 4346, 5500, -11784, 12160, 0, 0, 595, 1, 1, 1
12027405, 0, 0, 0, 0, 0, 0, 0, 0, 0, 0, 0, 0, -1355, -1194, 4081, 4476, -11444, 11320, 0, 0, 595, 1, 1, 1
12030185, 0, 0, 0, 0, 0, 0, 0, 0, 0, 0, 0, 0, -1374, -1187, 3965, 4248, -11228, 10444, 0, 0, 595, 1, 1, 1
12033514, 0, 0, 0, 0, 0, 0, 0, 0, 0, 0, 0, 0, -1428, -1141, 3766, 2876, -10628, 9512, 0, 0, 595, 1, 1, 1
12036370, 0, 0, 0, 0, 0, 0, 0, 0, 0, 0, 0, 0, -1477, -1121, 3686, 1652, -10300, 9356, 0, 0, 595, 1, 1, 1
12039586, 0, 0, 0, 0, 0, 0, 0, 0, 0, 0, 0, 0, -1610, -1134, 3567, -184, -9720, 8284, 0, 0, 595, 1, 1, 1
12042521, 0, 0, 0, 0, 0, 0, 0, 0, 0, 0, 0, 0, -1685, -1155, 3533, -804, -9420, 7672, 0, 0, 595, 1, 1, 1
12045665, 0, 0, 0, 0, 0, 0, 0, 0, 0, 0, 0, 0, -1852, -1168, 3490, -2140, -9048, 6960, 0, 0, 595, 1, 1, 1
12048701, 0, 0, 0, 0, 0, 0, 0, 0, 0, 0, 0, 0, -1934, -1148, 3492, -2932, -8780, 7252, 0, 0, 595, 1, 1, 1
12051772, 0, 0, 0, 0, 0, 0, 0, 0, 0, 0, 0, 0, -2093, -1042, 3543, -3284, -8820, 6980, 0, 0, 595, 1, 1, 1
12054873, 0, 0, 0, 0, 0, 0, 0, 0, 0, 0, 0, 0, -2165, -953, 3599, -2940, -9028, 7052, 0, 0, 595, 1, 1, 1
12057961, 0, 0, 0, 0, 0, 0, 0, 0, 0, 0, 0, 0, -2310, -726, 3779, -2432, -10328, 7420, 0, 0, 595, 1, 1, 1
12061058, 0, 0, 0, 0, 0, 0, 0, 0, 0, 0, 0, 0, -2384, -590, 3893, -2204, -11304, 7940, 0, 0, 595, 1, 1, 1
12064135, 0, 0, 0, 0, 0, 0, 0, 0, 0, 0, 0, 0, -2493, -267, 4120, -712, -13596, 8648, 0, 0, 595, 1, 1, 1
12067202, 0, 0, 0, 0, 0, 0, 0, 0, 0, 0, 0, 0, -2534, -101, 4231, 308, -14412, 8692, 0, 0, 595, 1, 1, 1
12070295, 0, 0, 0, 0, 0, 0, 0, 0, 0, 0, 0, 0, -2572, 64, 4319, 1000, -14932, 9356, 0, 0, 595, 1, 1, 1
12073919, 0, 0, 0, 0, 0, 0, 0, 0, 0, 0, 0, 0, -2707, 403, 4472, 3908, -15896, 10436, 0, 0, 595, 1, 1, 1
12076464, 0, 0, 0, 0, 0, 0, 0, 0, 0, 0, 0, 0, -2747, 479, 4476, 4796, -15948, 10972, 0, 0, 595, 1, 1, 1
12079929, 0, 0, 0, 0, 0, 0, 0, 0, 0, 0, 0, 0, -2812, 631, 4417, 6836, -16248, 11828, 0, 0, 595, 1, 1, 1
12082643, 0, 0, 0, 0, 0, 0, 0, 0, 0, 0, 0, 0, -2834, 712, 4343, 7672, -16540, 11988, 0, 0, 602, 1, 1, 1
12086060, 0, 0, 0, 0, 0, 0, 0, 0, 0, 0, 0, 0, -2850, 866, 4145, 9104, -17128, 12688, 0, 0, 602, 1, 1, 1
12088823, 0, 0, 0, 0, 0, 0, 0, 0, 0, 0, 0, 0, -2829, 964, 4026, 9768, -17584, 13520, 0, 0, 602, 1, 1, 1
12092124, 0, 0, 0, 0, 0, 0, 0, 0, 0, 0, 0, 0, -2694, 1210, 3729, 11772, -18332, 14656, 0, 0, 602, 1, 1, 1
12094980, 0, 0, 0, 0, 0, 0, 0, 0, 0, 0, 0, 0, -2600, 1355, 3564, 12476, -18456, 15360, 0, 0, 602, 1, 1, 1
12098200, 0, 0, 0, 0, 0, 0, 0, 0, 0, 0, 0, 0, -2383, 1600, 3216, 13788, -18684, 16100, 0, 0, 602, 1, 1, 1
12101156, 0, 0, 0, 0, 0, 0, 0, 0, 0, 0, 0, 0, -2268, 1649, 3026, 13748, -18576, 16428, 0, 0, 602, 1, 1, 1
12104236, 0, 0, 0, 0, 0, 0, 0, 0, 0, 0, 0, 0, -2061, 1655, 2605, 13368, -18312, 16928, 0, 0, 602, 1, 1, 1
12107336, 0, 0, 0, 0, 0, 0, 0, 0, 0, 0, 0, 0, -1965, 1589, 2364, 13036, -18148, 17120, 0, 0, 602, 1, 1, 1
12110411, 0, 0, 0, 0, 0, 0, 0, 0, 0, 0, 0, 0, -1784, 1297, 1833, 11900, -17556, 17076, 0, 0, 602, 1, 1, 1
12113510, 0, 0, 0, 0, 0, 0, 0, 0, 0, 0, 0, 0, -1702, 1081, 1553, 11504, -17100, 17140, 0, 0, 602, 1, 1, 1
12116600, 0, 0, 0, 0, 0, 0, 0, 0, 0, 0, 0, 0, -1547, 640, 1054, 10892, -16652, 17204, 0, 0, 602, 1, 1, 1
12119692, 0, 0, 0, 0, 0, 0, 0, 0, 0, 0, 0, 0, -1464, 450, 838, 10728, -16668, 17460, 0, 0, 602, 1, 1, 1
12122778, 0, 0, 0, 0, 0, 0, 0, 0, 0, 0, 0, 0, -1291, 175, 481, 10436, -16608, 17280, 0, 0, 602, 1, 1, 1
12125840, 0, 0, 0, 0, 0, 0, 0, 0, 0, 0, 0, 0, -1181, 110, 329, 10476, -16556, 17524, 0, 0, 602, 1, 1, 1
12128930, 0, 0, 0, 0, 0, 0, 0, 0, 0, 0, 0, 0, -1065, 102, 195, 10556, -16316, 17624, 0, 0, 602, 1, 1, 1
12132493, 0, 0, 0, 0, 0, 0, 0, 0, 0, 0, 0, 0, -667, 297, -148, 10276, -15864, 17608, 0, 0, 602, 1, 1, 1
12135113, 0, 0, 0, 0, 0, 0, 0, 0, 0, 0, 0, 0, -546, 395, -240, 9860, -15608, 17580, 0, 0, 595, 1, 1, 1
12138712, 0, 0, 0, 0, 0, 0, 0, 0, 0, 0, 0, 0, -346, 530, -399, 8764, -14980, 17316, 0, 0, 595, 1, 1, 1
12141285, 0, 0, 0, 0, 0, 0, 0, 0, 0, 0, 0, 0, -284, 551, -461, 8448, -14444, 16808, 0, 0, 595, 1, 1, 1
12144709, 0, 0, 0, 0, 0, 0, 0, 0, 0, 0, 0, 0, -208, 532, -558, 7576, -13832, 16308, 0, 0, 595, 1, 1, 1
12147475, 0, 0, 0, 0, 0, 0, 0, 0, 0, 0, 0, 0, -196, 504, -597, 7196, -13328, 16040, 0, 0, 595, 1, 1, 1
12150725, 0, 0, 0, 0, 0, 0, 0, 0, 0, 0, 0, 0, -219, 418, -646, 6696, -12580, 15628, 0, 0, 595, 1, 1, 1
12153622, 0, 0, 0, 0, 0, 0, 0, 0, 0, 0, 0, 0, -240, 379, -657, 6700, -12164, 15204, 0, 0, 595, 1, 1, 1
12156798, 0, 0, 0, 0, 0, 0, 0, 0, 0, 0, 0, 0, -296, 364, -656, 6772, -11896, 15016, 0, 0, 595, 1, 1, 1
12159791, 0, 0, 0, 0, 0, 0, 0, 0, 0, 0, 0, 0, -321, 381, -641, 6812, -11964, 15016, 0, 0, 595, 1, 1, 1
12162884, 0, 0, 0, 0, 0, 0, 0, 0, 0, 0, 0, 0, -387, 431, -590, 6984, -12416, 14940, 0, 0, 595, 1, 1, 1
12165969, 0, 0, 0, 0, 0, 0, 0, 0, 0, 0, 0, 0, -399, 459, -567, 7592, -12744, 14896, 0, 0, 595, 1, 1, 1
12169052, 0, 0, 0, 0, 0, 0, 0, 0, 0, 0, 0, 0, -445, 497, -528, 8156, -12376, 14728, 0, 0, 595, 1, 1, 1
12172150, 0, 0, 0, 0, 0, 0, 0, 0, 0, 0, 0, 0, -486, 492, -510, 8368, -12240, 14836, 0, 0, 595, 1, 1, 1
12175239, 0, 0, 0, 0, 0, 0, 0, 0, 0, 0, 0, 0, -568, 445, -502, 9124, -12660, 14888, 0, 0, 595, 1, 1, 1
12178321, 0, 0, 0, 0, 0, 0, 0, 0, 0, 0, 0, 0, -601, 425, -514, 9720, -12700, 14952, 0, 0, 595, 1, 1, 1
12181408, 0, 0, 0, 0, 0, 0, 0, 0, 0, 0, 0, 0, -652, 386, -561, 10780, -13044, 15420, 0, 0, 595, 1, 1, 1
12185039, 0, 0, 0, 0, 0, 0, 0, 0, 0, 0, 0, 0, -671, 349, -639, 11700, -13300, 15796, 0, 0, 602, 1, 1, 1
12187578, 0, 0, 0, 0, 0, 0, 0, 0, 0, 0, 0, 0, -670, 333, -686, 12032, -13516, 16148, 0, 0, 602, 1, 1, 1
12191149, 0, 0, 0, 0, 0, 0, 0, 0, 0, 0, 0, 0, -651, 321, -789, 12732, -13840, 16520, 0, 0, 602, 1, 1, 1
12193747, 0, 0, 0, 0, 0, 0, 0, 0, 0, 0, 0, 0, -632, 317, -844, 13060, -13924, 16540, 0, 0, 602, 1, 1, 1
12197159, 0, 0, 0, 0, 0, 0, 0, 0, 0, 0, 0, 0, -574, 311, -968, 13600, -14316, 16764, 0, 0, 602, 1, 1, 1
12199927, 0, 0, 0, 0, 0, 0, 0, 0, 0, 0, 0, 0, -544, 298, -1031, 13680, -14312, 16940, 0, 0, 602, 1, 1, 1
12203255, 0, 0, 0, 0, 0, 0, 0, 0, 0, 0, 0, 0, -480, 285, -1177, 14588, -14336, 17504, 0, 0, 602, 1, 1, 1
12206110, 0, 0, 0, 0, 0, 0, 0, 0, 0, 0, 0, 0, -444, 292, -1253, 14988, -14440, 17188, 0, 0, 602, 1, 1, 1
12209347, 0, 0, 0, 0, 0, 0, 0, 0, 0, 0, 0, 0, -356, 338, -1430, 15752, -14496, 17716, 0, 0, 602, 1, 1, 1
12212269, 0, 0, 0, 0, 0, 0, 0, 0, 0, 0, 0, 0, -298, 366, -1528, 16088, -14628, 18004, 0, 0, 602, 1, 1, 1
12215389, 0, 0, 0, 0, 0, 0, 0, 0, 0, 0, 0, 0, -166, 436, -1746, 16900, -14772, 18408, 0, 0, 602, 1, 1, 1
12218436, 0, 0, 0, 0, 0, 0, 0, 0, 0, 0, 0, 0, -78, 474, -1867, 17500, -14980, 18744, 0, 0, 602, 1, 1, 1
12221523, 0, 0, 0, 0, 0, 0, 0, 0, 0, 0, 0, 0, 116, 532, -2119, 18040, -15192, 19260, 0, 0, 602, 1, 1, 1
12224605, 0, 0, 0, 0, 0, 0, 0, 0, 0, 0, 0, 0, 222, 539, -2255, 18008, -15196, 19380, 0, 0, 602, 1, 1, 1
12227692, 0, 0, 0, 0, 0, 0, 0, 0, 0, 0, 0, 0, 429, 536, -2547, 18588, -15180, 19388, 0, 0, 602, 1, 1, 1
12230805, 0, 0, 0, 0, 0, 0, 0, 0, 0, 0, 0, 0, 519, 525, -2704, 18580, -14940, 19256, 0, 0, 602, 1, 1, 1
12233879, 0, 0, 0, 0, 0, 0, 0, 0, 0, 0, 0, 0, 663, 460, -3044, 18888, -14320, 18976, 0, 0, 602, 1, 1, 1
12237630, 0, 0, 0, 0, 0, 0, 0, 0, 0, 0, 0, 0, 778, 354, -3430, 18732, -13856, 18592, 0, 0, 602, 1, 1, 1
12240306, 0, 0, 0, 0, 0, 0, 0, 0, 0, 0, 0, 0, 866, 310, -3671, 18732, -13992, 18508, 0, 0, 602, 1, 1, 1
12243701, 0, 0, 0, 0, 0, 0, 0, 0, 0, 0, 0, 0, 1049, 282, -4213, 20176, -13424, 18616, 0, 0, 602, 1, 1, 1
12246213, 0, 0, 0, 0, 0, 0, 0, 0, 0, 0, 0, 0, 1149, 285, -4470, 20532, -13224, 18916, 0, 0, 602, 1, 1, 1
12249776, 0, 0, 0, 0, 0, 0, 0, 0, 0, 0, 0, 0, 1345, 325, -5031, 20792, -12744, 19008, 0, 0, 602, 1, 1, 1
12252392, 0, 0, 0, 0, 0, 0, 0, 0, 0, 0, 0, 0, 1422, 342, -5308, 20968, -12352, 18596, 0, 0, 602, 1, 1, 1
12255788, 0, 0, 0, 0, 0, 0, 0, 0, 0, 0, 0, 0, 1508, 280, -5877, 19932, -11444, 17832, 0, 0, 602, 1, 1, 1
12258570, 0, 0, 0, 0, 0, 0, 0, 0, 0, 0, 0, 0, 1521, 196, -6148, 18872, -10864, 17864, 0, 0, 602, 1, 1, 1
12261867, 0, 0, 0, 0, 0, 0, 0, 0, 0, 0, 0, 0, 1478, -56, -6641, 16900, -9756, 17360, 0, 0, 602, 1, 1, 1
12264747, 0, 0, 0, 0, 0, 0, 0, 0, 0, 0, 0, 0, 1422, -210, -6854, 16056, -8948, 16748, 0, 0, 602, 1, 1, 1
12267956, 0, 0, 0, 0, 0, 0, 0, 0, 0, 0, 0, 0, 1274, -540, -7211, 14384, -7520, 16624, 0, 0, 602, 1, 1, 1
12270908, 0, 0, 0, 0, 0, 0, 0, 0, 0, 0, 0, 0, 1198, -699, -7352, 13352, -6896, 17032, 0, 0, 602, 1, 1, 1
12274005, 0, 0, 0, 0, 0, 0, 0, 0, 0, 0, 0, 0, 1072, -917, -7566, 11704, -6288, 17496, 0, 0, 602, 1, 1, 1
12277076, 0, 0, 0, 0, 0, 0, 0, 0, 0, 0, 0, 0, 1028, -958, -7629, 11180, -5964, 17268, 0, 0, 602, 1, 1, 1
12280156, 0, 0, 0, 0, 0, 0, 0, 0, 0, 0, 0, 0, 998, -902, -7700, 9848, -5312, 17724, 0, 0, 602, 1, 1, 1
12283239, 0, 0, 0, 0, 0, 0, 0, 0, 0, 0, 0, 0, 1013, -826, -7710, 9028, -4660, 17984, 0, 0, 602, 1, 1, 1
12286347, 0, 0, 0, 0, 0, 0, 0, 0, 0, 0, 0, 0, 1024, -681, -7667, 6260, -2196, 17180, 0, 0, 595, 1, 1, 1
12289442, 0, 0, 0, 0, 0, 0, 0, 0, 0, 0, 0, 0, 987, -647, -7611, 4644, -1064, 16576, 0, 0, 595, 1, 1, 1
12292513, 0, 0, 0, 0, 0, 0, 0, 0, 0, 0, 0, 0, 888, -691, -7428, 1632, 1020, 15808, 0, 0, 595, 1, 1, 1
12296199, 0, 0, 0, 0, 0, 0, 0, 0, 0, 0, 0, 0, 770, -772, -7162, -868, 2448, 14860, 0, 0, 595, 1, 1, 1
12298683, 0, 0, 0, 0, 0, 0, 0, 0, 0, 0, 0, 0, 705, -814, -7002, -2024, 3180, 14964, 0, 0, 595, 1, 1, 1
12302249, 0, 0, 0, 0, 0, 0, 0, 0, 0, 0, 0, 0, 577, -822, -6636, -3236, 4404, 14668, 0, 0, 595, 1, 1, 1
12304848, 0, 0, 0, 0, 0, 0, 0, 0, 0, 0, 0, 0, 520, -775, -6433, -3524, 5036, 14244, 0, 0, 595, 1, 1, 1
12308312, 0, 0, 0, 0, 0, 0, 0, 0, 0, 0, 0, 0, 415, -641, -6021, -3632, 5964, 14264, 0, 0, 595, 1, 1, 1
12311021, 0, 0, 0, 0, 0, 0, 0, 0, 0, 0, 0, 0, 366, -565, -5807, -3948, 6472, 14540, 0, 0, 595, 1, 1, 1
12314417, 0, 0, 0, 0, 0, 0, 0, 0, 0, 0, 0, 0, 270, -381, -5416, -3500, 7320, 14792, 0, 0, 595, 1, 1, 1
12317202, 0, 0, 0, 0, 0, 0, 0, 0, 0, 0, 0, 0, 223, -290, -5229, -3228, 7732, 14680, 0, 0, 595, 1, 1, 1
12320478, 0, 0, 0, 0, 0, 0, 0, 0, 0, 0, 0, 0, 138, -149, -4891, -3176, 8256, 15148, 0, 0, 595, 1, 1, 1
12323358, 0, 0, 0, 0, 0, 0, 0, 0, 0, 0, 0, 0, 103, -118, -4734, -3192, 8544, 15332, 0, 0, 595, 1, 1, 1
12326542, 0, 0, 0, 0, 0, 0, 0, 0, 0, 0, 0, 0, 43, -113, -4466, -3004, 8788, 15544, 0, 0, 595, 1, 1, 1
12329544, 0, 0, 0, 0, 0, 0, 0, 0, 0, 0, 0, 0, 34, -125, -4353, -2640, 8788, 15748, 0, 0, 595, 1, 1, 1
12332633, 0, 0, 0, 0, 0, 0, 0, 0, 0, 0, 0, 0, 69, -159, -4169, -1660, 8548, 16392, 0, 0, 595, 1, 1, 1
12335702, 0, 0, 0, 0, 0, 0, 0, 0, 0, 0, 0, 0, 123, -172, -4098, -1092, 8128, 16920, 0, 0, 602, 1, 1, 1
12339334, 0, 0, 0, 0, 0, 0, 0, 0, 0, 0, 0, 0, 277, -170, -4004, 440, 7744, 17604, 0, 0, 602, 1, 1, 1
12341900, 0, 0, 0, 0, 0, 0, 0, 0, 0, 0, 0, 0, 371, -149, -3989, 1332, 7560, 17608, 0, 0, 602, 1, 1, 1
12344976, 0, 0, 0, 0, 0, 0, 0, 0, 0, 0, 0, 0, 466, -130, -3998, 1964, 7400, 17592, 0, 0, 602, 1, 1, 1
12348067, 0, 0, 0, 0, 0, 0, 0, 0, 0, 0, 0, 0, 610, -142, -4105, 3188, 7684, 17248, 0, 0, 602, 1, 1, 1
12351134, 0, 0, 0, 0, 0, 0, 0, 0, 0, 0, 0, 0, 666, -239, -4326, 3940, 8396, 16440, 0, 0, 602, 1, 1, 1
12354829, 0, 0, 0, 0, 0, 0, 0, 0, 0, 0, 0, 0, 634, -409, -4585, 4140, 8788, 15724, 0, 0, 602, 1, 1, 1
12357310, 0, 0, 0, 0, 0, 0, 0, 0, 0, 0, 0, 0, 595, -495, -4716, 3924, 9084, 15284, 0, 0, 602, 1, 1, 1
12360877, 0, 0, 0, 0, 0, 0, 0, 0, 0, 0, 0, 0, 514, -610, -4945, 3268, 8912, 15072, 0, 0, 602, 1, 1, 1
12363493, 0, 0, 0, 0, 0, 0, 0, 0, 0, 0, 0, 0, 476, -633, -5036, 2576, 8860, 15040, 0, 0, 602, 1, 1, 1
12366962, 0, 0, 0, 0, 0, 0, 0, 0, 0, 0, 0, 0, 406, -616, -5166, 1204, 8920, 14812, 0, 0, 602, 1, 1, 1
12369658, 0, 0, 0, 0, 0, 0, 0, 0, 0, 0, 0, 0, 386, -581, -5205, 548, 8972, 14732, 0, 0, 602, 1, 1, 1
12373038, 0, 0, 0, 0, 0, 0, 0, 0, 0, 0, 0, 0, 378, -486, -5239, -1072, 8864, 14728, 0, 0, 602, 1, 1, 1
12375843, 0, 0, 0, 0, 0, 0, 0, 0, 0, 0, 0, 0, 393, -427, -5234, -1868, 8532, 15008, 0, 0, 602, 1, 1, 1
12379082, 0, 0, 0, 0, 0, 0, 0, 0, 0, 0, 0, 0, 456, -278, -5187, -3332, 8308, 15068, 0, 0, 602, 1, 1, 1
12381997, 0, 0, 0, 0, 0, 0, 0, 0, 0, 0, 0, 0, 494, -182, -5152, -3924, 8080, 14960, 0, 0, 602, 1, 1, 1
12385132, 0, 0, 0, 0, 0, 0, 0, 0, 0, 0, 0, 0, 592, 17, -5073, -5284, 8264, 14988, 0, 0, 602, 1, 1, 1
12388182, 0, 0, 0, 0, 0, 0, 0, 0, 0, 0, 0, 0, 640, 110, -5026, -6008, 8600, 14764, 0, 0, 595, 1, 1, 1
12391252, 0, 0, 0, 0, 0, 0, 0, 0, 0, 0, 0, 0, 728, 286, -4931, -7532, 8940, 14448, 0, 0, 595, 1, 1, 1
12394352, 0, 0, 0, 0, 0, 0, 0, 0, 0, 0, 0, 0, 771, 371, -4879, -8168, 9060, 14212, 0, 0, 595, 1, 1, 1
12397428, 0, 0, 0, 0, 0, 0, 0, 0, 0, 0, 0, 0, 855, 561, -4761, -9152, 9032, 13956, 0, 0, 595, 1, 1, 1
12400533, 0, 0, 0, 0, 0, 0, 0, 0, 0, 0, 0, 0, 905, 678, -4701, -9648, 8948, 13988, 0, 0, 595, 1, 1, 1
12403619, 0, 0, 0, 0, 0, 0, 0, 0, 0, 0, 0, 0, 1008, 980, -4570, -10368, 8828, 13628, 0, 0, 595, 1, 1, 1
12406703, 0, 0, 0, 0, 0, 0, 0, 0, 0, 0, 0, 0, 1055, 1148, -4502, -10952, 8796, 13504, 0, 0, 595, 1, 1, 1
12409779, 0, 0, 0, 0, 0, 0, 0, 0, 0, 0, 0, 0, 1095, 1308, -4429, -11384, 8868, 13184, 0, 0, 595, 1, 1, 1
12413404, 0, 0, 0, 0, 0, 0, 0, 0, 0, 0, 0, 0, 1158, 1703, -4166, -13520, 9032, 12140, 0, 0, 595, 1, 1, 1
12415942, 0, 0, 0, 0, 0, 0, 0, 0, 0, 0, 0, 0, 1159, 1795, -4062, -14264, 9192, 11944, 0, 0, 595, 1, 1, 1
12419508, 0, 0, 0, 0, 0, 0, 0, 0, 0, 0, 0, 0, 1135, 1900, -3848, -15924, 9328, 11592, 0, 0, 595, 1, 1, 1
12422124, 0, 0, 0, 0, 0, 0, 0, 0, 0, 0, 0, 0, 1111, 1916, -3731, -16592, 9256, 11504, 0, 0, 595, 1, 1, 1
12425536, 0, 0, 0, 0, 0, 0, 0, 0, 0, 0, 0, 0, 1035, 1898, -3479, -17736, 9160, 11308, 0, 0, 595, 1, 1, 1
12428311, 0, 0, 0, 0, 0, 0, 0, 0, 0, 0, 0, 0, 998, 1887, -3341, -17956, 9128, 11304, 0, 0, 595, 1, 1, 1
12431627, 0, 0, 0, 0, 0, 0, 0, 0, 0, 0, 0, 0, 923, 1898, -3045, -18556, 9160, 11580, 0, 0, 595, 1, 1, 1
12434486, 0, 0, 0, 0, 0, 0, 0, 0, 0, 0, 0, 0, 879, 1916, -2892, -18668, 9192, 11740, 0, 0, 595, 1, 1, 1
12437684, 0, 0, 0, 0, 0, 0, 0, 0, 0, 0, 0, 0, 802, 1954, -2559, -19048, 9480, 11992, 0, 0, 595, 1, 1, 1
12440650, 0, 0, 0, 0, 0, 0, 0, 0, 0, 0, 0, 0, 763, 1968, -2387, -19268, 9288, 12116, 0, 0, 595, 1, 1, 1
12443772, 0, 0, 0, 0, 0, 0, 0, 0, 0, 0, 0, 0, 689, 1981, -2027, -19764, 9276, 12356, 0, 0, 595, 1, 1, 1
12446796, 0, 0, 0, 0, 0, 0, 0, 0, 0, 0, 0, 0, 642, 1965, -1845, -20248, 9428, 12584, 0, 0, 595, 1, 1, 1
12449888, 0, 0, 0, 0, 0, 0, 0, 0, 0, 0, 0, 0, 546, 1872, -1476, -20916, 9400, 12992, 0, 0, 595, 1, 1, 1
12452970, 0, 0, 0, 0, 0, 0, 0, 0, 0, 0, 0, 0, 494, 1803, -1278, -21000, 9248, 13236, 0, 0, 595, 1, 1, 1
12456064, 0, 0, 0, 0, 0, 0, 0, 0, 0, 0, 0, 0, 406, 1630, -774, -21012, 9228, 13624, 0, 0, 595, 1, 1, 1
12459165, 0, 0, 0, 0, 0, 0, 0, 0, 0, 0, 0, 0, 384, 1525, -529, -22452, 9096, 14676, 0, 0, 595, 1, 1, 1
12462260, 0, 0, 0, 0, 0, 0, 0, 0, 0, 0, 0, 0, 328, 1305, -126, -22568, 8384, 15148, 0, 0, 595, 1, 1, 1
12465927, 0, 0, 0, 0, 0, 0, 0, 0, 0, 0, 0, 0, 297, 1114, 269, -22276, 7572, 15780, 0, 0, 595, 1, 1, 1
12468411, 0, 0, 0, 0, 0, 0, 0, 0, 0, 0, 0, 0, 283, 999, 463, -21660, 7604, 15112, 0, 0, 595, 1, 1, 1
12472031, 0, 0, 0, 0, 0, 0, 0, 0, 0, 0, 0, 0, 236, 777, 827, -21864, 7400, 15176, 0, 0, 595, 1, 1, 1
12474576, 0, 0, 0, 0, 0, 0, 0, 0, 0, 0, 0, 0, 197, 699, 1005, -22096, 7244, 16708, 0, 0, 595, 1, 1, 1
12478041, 0, 0, 0, 0, 0, 0, 0, 0, 0, 0, 0, 0, 242, 514, 1365, -22152, 6156, 17048, 0, 0, 595, 1, 1, 1
12480749, 0, 0, 0, 0, 0, 0, 0, 0, 0, 0, 0, 0, 207, 402, 1535, -20788, 6120, 15048, 0, 0, 595, 1, 1, 1
12484172, 0, 0, 0, 0, 0, 0, 0, 0, 0, 0, 0, 0, 124, 193, 1853, -20104, 5636, 14680, 0, 0, 595, 1, 1, 1
12486941, 0, 0, 0, 0, 0, 0, 0, 0, 0, 0, 0, 0, 93, 94, 2014, -20828, 5436, 15916, 0, 0, 602, 1, 1, 1
12490210, 0, 0, 0, 0, 0, 0, 0, 0, 0, 0, 0, 0, 24, -136, 2352, -21180, 5244, 15896, 0, 0, 602, 1, 1, 1
12493086, 0, 0, 0, 0, 0, 0, 0, 0, 0, 0, 0, 0, -22, -281, 2532, -20644, 5124, 14704, 0, 0, 602, 1, 1, 1
12496285, 0, 0, 0, 0, 0, 0, 0, 0, 0, 0, 0, 0, -104, -612, 2915, -21192, 4784, 14764, 0, 0, 602, 1, 1, 1
12499258, 0, 0, 0, 0, 0, 0, 0, 0, 0, 0, 0, 0, -144, -794, 3118, -22228, 4324, 16188, 0, 0, 602, 1, 1, 1
12502360, 0, 0, 0, 0, 0, 0, 0, 0, 0, 0, 0, 0, -220, -1142, 3527, -21908, 3512, 16104, 0, 0, 602, 1, 1, 1
12505440, 0, 0, 0, 0, 0, 0, 0, 0, 0, 0, 0, 0, -256, -1288, 3727, -20632, 3080, 15120, 0, 0, 602, 1, 1, 1
12508523, 0, 0, 0, 0, 0, 0, 0, 0, 0, 0, 0, 0, -319, -1532, 4128, -19516, 2368, 14868, 0, 0, 602, 1, 1, 1
12511604, 0, 0, 0, 0, 0, 0, 0, 0, 0, 0, 0, 0, -356, -1627, 4319, -19716, 2144, 15492, 0, 0, 602, 1, 1, 1
12514712, 0, 0, 0, 0, 0, 0, 0, 0, 0, 0, 0, 0, -431, -1772, 4704, -18920, 1468, 15368, 0, 0, 602, 1, 1, 1
12517805, 0, 0, 0, 0, 0, 0, 0, 0, 0, 0, 0, 0, -463, -1824, 4899, -17920, 1000, 14140, 0, 0, 602, 1, 1, 1
12520863, 0, 0, 0, 0, 0, 0, 0, 0, 0, 0, 0, 0, -535, -1956, 5283, -16940, -140, 13840, 0, 0, 602, 1, 1, 1
12524581, 0, 0, 0, 0, 0, 0, 0, 0, 0, 0, 0, 0, -589, -2059, 5647, -15768, -1360, 13476, 0, 0, 602, 1, 1, 1
12527049, 0, 0, 0, 0, 0, 0, 0, 0, 0, 0, 0, 0, -624, -2120, 5814, -15560, -1888, 13916, 0, 0, 602, 1, 1, 1
12530605, 0, 0, 0, 0, 0, 0, 0, 0, 0, 0, 0, 0, -684, -2235, 6122, -14328, -2692, 13240, 0, 0, 602, 1, 1, 1
12533222, 0, 0, 0, 0, 0, 0, 0, 0, 0, 0, 0, 0, -718, -2291, 6261, -13096, -3284, 12412, 0, 0, 602, 1, 1, 1
12536690, 0, 0, 0, 0, 0, 0, 0, 0, 0, 0, 0, 0, -759, -2411, 6511, -11004, -4668, 12332, 0, 0, 602, 1, 1, 1
12539386, 0, 0, 0, 0, 0, 0, 0, 0, 0, 0, 0, 0, -742, -2451, 6613, -10056, -5280, 13344, 0, 0, 595, 1, 1, 1
12542497, 0, 0, 0, 0, 0, 0, 0, 0, 0, 0, 0, 0, -688, -2414, 6704, -8180, -6048, 12600, 0, 0, 595, 1, 1, 1
12545587, 0, 0, 0, 0, 0, 0, 0, 0, 0, 0, 0, 0, -493, -2289, 6832, -5140, -7764, 13012, 0, 0, 595, 1, 1, 1
12548837, 0, 0, 0, 0, 0, 0, 0, 0, 0, 0, 0, 0, -256, -2063, 6889, -2344, -8968, 13216, 0, 0, 595, 1, 1, 1
12551731, 0, 0, 0, 0, 0, 0, 0, 0, 0, 0, 0, 0, -149, -1964, 6905, -1328, -9292, 13400, 0, 0, 595, 1, 1, 1
12554904, 0, 0, 0, 0, 0, 0, 0, 0, 0, 0, 0, 0, 41, -1758, 6875, 1768, -9916, 13216, 0, 0, 595, 1, 1, 1
12557903, 0, 0, 0, 0, 0, 0, 0, 0, 0, 0, 0, 0, 122, -1652, 6847, 3604, -10304, 12724, 0, 0, 595, 1, 1, 1
12560979, 0, 0, 0, 0, 0, 0, 0, 0, 0, 0, 0, 0, 249, -1491, 6727, 6708, -11320, 12440, 0, 0, 595, 1, 1, 1
12564080, 0, 0, 0, 0, 0, 0, 0, 0, 0, 0, 0, 0, 304, -1440, 6637, 8108, -11980, 12636, 0, 0, 595, 1, 1, 1
12567162, 0, 0, 0, 0, 0, 0, 0, 0, 0, 0, 0, 0, 391, -1330, 6401, 11064, -12500, 12208, 0, 0, 595, 1, 1, 1
12570262, 0, 0, 0, 0, 0, 0, 0, 0, 0, 0, 0, 0, 418, -1282, 6253, 12340, -12700, 12056, 0, 0, 595, 1, 1, 1
12573351, 0, 0, 0, 0, 0, 0, 0, 0, 0, 0, 0, 0, 437, -1261, 5927, 14176, -13032, 11840, 0, 0, 595, 1, 1, 1
12576434, 0, 0, 0, 0, 0, 0, 0, 0, 0, 0, 0, 0, 439, -1275, 5751, 14988, -13384, 11856, 0, 0, 595, 1, 1, 1
12579506, 0, 0, 0, 0, 0, 0, 0, 0, 0, 0, 0, 0, 437, -1269, 5566, 15668, -13464, 11832, 0, 0, 595, 1, 1, 1
12583151, 0, 0, 0, 0, 0, 0, 0, 0, 0, 0, 0, 0, 404, -1291, 4986, 16276, -13188, 11284, 0, 0, 595, 1, 1, 1
12585672, 0, 0, 0, 0, 0, 0, 0, 0, 0, 0, 0, 0, 369, -1283, 4811, 16472, -13392, 11036, 0, 0, 595, 1, 1, 1
12589237, 0, 0, 0, 0, 0, 0, 0, 0, 0, 0, 0, 0, 301, -1204, 4448, 17200, -13828, 11144, 0, 0, 602, 1, 1, 1
12591852, 0, 0, 0, 0, 0, 0, 0, 0, 0, 0, 0, 0, 267, -1146, 4264, 17708, -13712, 10840, 0, 0, 602, 1, 1, 1
12595266, 0, 0, 0, 0, 0, 0, 0, 0, 0, 0, 0, 0, 192, -1013, 3892, 18092, -13000, 10888, 0, 0, 602, 1, 1, 1
12598039, 0, 0, 0, 0, 0, 0, 0, 0, 0, 0, 0, 0, 142, -946, 3702, 18140, -12816, 10932, 0, 0, 602, 1, 1, 1
12601356, 0, 0, 0, 0, 0, 0, 0, 0, 0, 0, 0, 0, 37, -820, 3338, 17900, -12688, 11000, 0, 0, 602, 1, 1, 1
12604213, 0, 0, 0, 0, 0, 0, 0, 0, 0, 0, 0, 0, -18, -767, 3158, 17796, -12400, 11084, 0, 0, 602, 1, 1, 1
12607412, 0, 0, 0, 0, 0, 0, 0, 0, 0, 0, 0, 0, -138, -652, 2839, 17336, -12068, 11644, 0, 0, 602, 1, 1, 1
12610364, 0, 0, 0, 0, 0, 0, 0, 0, 0, 0, 0, 0, -196, -586, 2693, 17204, -12008, 11752, 0, 0, 602, 1, 1, 1
12613493, 0, 0, 0, 0, 0, 0, 0, 0, 0, 0, 0, 0, -293, -454, 2449, 16772, -11820, 12156, 0, 0, 602, 1, 1, 1
12616540, 0, 0, 0, 0, 0, 0, 0, 0, 0, 0, 0, 0, -325, -384, 2342, 16608, -11772, 12532, 0, 0, 602, 1, 1, 1
12619612, 0, 0, 0, 0, 0, 0, 0, 0, 0, 0, 0, 0, -344, -221, 2169, 16432, -11904, 13188, 0, 0, 602, 1, 1, 1
12622713, 0, 0, 0, 0, 0, 0, 0, 0, 0, 0, 0, 0, -337, -135, 2094, 16236, -12120, 13900, 0, 0, 602, 1, 1, 1
12625801, 0, 0, 0, 0, 0, 0, 0, 0, 0, 0, 0, 0, -293, 35, 1967, 16412, -12356, 14488, 0, 0, 602, 1, 1, 1
12628898, 0, 0, 0, 0, 0, 0, 0, 0, 0, 0, 0, 0, -265, 111, 1910, 16780, -12648, 14692, 0, 0, 602, 1, 1, 1
12631975, 0, 0, 0, 0, 0, 0, 0, 0, 0, 0, 0, 0, -199, 254, 1799, 17300, -12980, 15116, 0, 0, 602, 1, 1, 1
12635043, 0, 0, 0, 0, 0, 0, 0, 0, 0, 0, 0, 0, -170, 326, 1747, 17676, -13100, 15428, 0, 0, 602, 1, 1, 1
12638252, 0, 0, 0, 0, 0, 0, 0, 0, 0, 0, 0, 0, -138, 389, 1692, 18136, -13116, 15516, 0, 0, 602, 1, 1, 1
12641759, 0, 0, 0, 0, 0, 0, 0, 0, 0, 0, 0, 0, -48, 587, 1480, 19188, -13336, 16244, 0, 0, 602, 1, 1, 1
12644494, 0, 0, 0, 0, 0, 0, 0, 0, 0, 0, 0, 0, -13, 653, 1393, 19768, -13360, 16240, 0, 0, 602, 1, 1, 1
12647922, 0, 0, 0, 0, 0, 0, 0, 0, 0, 0, 0, 0, 72, 808, 1186, 20804, -13428, 16560, 0, 0, 602, 1, 1, 1
12650487, 0, 0, 0, 0, 0, 0, 0, 0, 0, 0, 0, 0, 130, 887, 1068, 21068, -13428, 16876, 0, 0, 602, 1, 1, 1
12653900, 0, 0, 0, 0, 0, 0, 0, 0, 0, 0, 0, 0, 252, 1048, 811, 21776, -13444, 17288, 0, 0, 602, 1, 1, 1
12656663, 0, 0, 0, 0, 0, 0, 0, 0, 0, 0, 0, 0, 319, 1122, 668, 21908, -13332, 17272, 0, 0, 602, 1, 1, 1
12659984, 0, 0, 0, 0, 0, 0, 0, 0, 0, 0, 0, 0, 460, 1265, 363, 22072, -13168, 17616, 0, 0, 602, 1, 1, 1
12662825, 0, 0, 0, 0, 0, 0, 0, 0, 0, 0, 0, 0, 536, 1324, 197, 21924, -12924, 17928, 0, 0, 602, 1, 1, 1
12666013, 0, 0, 0, 0, 0, 0, 0, 0, 0, 0, 0, 0, 698, 1404, -163, 21816, -12648, 18020, 0, 0, 602, 1, 1, 1
12669004, 0, 0, 0, 0, 0, 0, 0, 0, 0, 0, 0, 0, 803, 1435, -370, 21788, -13288, 18144, 0, 0, 602, 1, 1, 1
12672076, 0, 0, 0, 0, 0, 0, 0, 0, 0, 0, 0, 0, 977, 1502, -943, 22672, -12796, 18004, 0, 0, 602, 1, 1, 1
12675160, 0, 0, 0, 0, 0, 0, 0, 0, 0, 0, 0, 0, 1058, 1579, -1160, 22308, -12796, 18696, 0, 0, 602, 1, 1, 1
12678251, 0, 0, 0, 0, 0, 0, 0, 0, 0, 0, 0, 0, 1211, 1593, -1602, 21712, -12080, 18756, 0, 0, 602, 1, 1, 1
12681332, 0, 0, 0, 0, 0, 0, 0, 0, 0, 0, 0, 0, 1282, 1577, -1811, 21752, -11776, 18092, 0, 0, 602, 1, 1, 1
12684440, 0, 0, 0, 0, 0, 0, 0, 0, 0, 0, 0, 0, 1404, 1547, -2206, 20476, -11404, 17940, 0, 0, 602, 1, 1, 1
12687534, 0, 0, 0, 0, 0, 0, 0, 0, 0, 0, 0, 0, 1473, 1520, -2385, 19044, -11272, 18436, 0, 0, 602, 1, 1, 1
12690618, 0, 0, 0, 0, 0, 0, 0, 0, 0, 0, 0, 0, 1517, 1430, -2554, 18884, -11040, 17552, 0, 0, 595, 1, 1, 1
12694309, 0, 0, 0, 0, 0, 0, 0, 0, 0, 0, 0, 0, 1673, 1242, -2998, 16536, -9780, 17724, 0, 0, 595, 1, 1, 1
12696776, 0, 0, 0, 0, 0, 0, 0, 0, 0, 0, 0, 0, 1724, 1183, -3125, 16376, -9636, 16884, 0, 0, 595, 1, 1, 1
12700333, 0, 0, 0, 0, 0, 0, 0, 0, 0, 0, 0, 0, 1806, 1089, -3349, 15316, -8924, 16472, 0, 0, 595, 1, 1, 1
12702949, 0, 0, 0, 0, 0, 0, 0, 0, 0, 0, 0, 0, 1848, 1057, -3452, 14444, -8464, 17080, 0, 0, 595, 1, 1, 1
12706420, 0, 0, 0, 0, 0, 0, 0, 0, 0, 0, 0, 0, 1944, 1023, -3630, 13604, -7736, 16676, 0, 0, 595, 1, 1, 1
12709114, 0, 0, 0, 0, 0, 0, 0, 0, 0, 0, 0, 0, 1993, 1021, -3709, 13616, -7180, 15680, 0, 0, 595, 1, 1, 1
12712524, 0, 0, 0, 0, 0, 0, 0, 0, 0, 0, 0, 0, 2085, 1052, -3844, 12516, -6576, 15016, 0, 0, 595, 1, 1, 1
12715313, 0, 0, 0, 0, 0, 0, 0, 0, 0, 0, 0, 0, 2121, 1065, -3901, 11472, -5972, 15576, 0, 0, 595, 1, 1, 1
12718565, 0, 0, 0, 0, 0, 0, 0, 0, 0, 0, 0, 0, 2185, 1092, -3997, 10208, -5004, 14592, 0, 0, 595, 1, 1, 1
12721462, 0, 0, 0, 0, 0, 0, 0, 0, 0, 0, 0, 0, 2210, 1092, -4035, 10076, -4532, 13644, 0, 0, 595, 1, 1, 1
12724636, 0, 0, 0, 0, 0, 0, 0, 0, 0, 0, 0, 0, 2239, 1094, -4105, 8880, -3604, 12816, 0, 0, 595, 1, 1, 1
12727631, 0, 0, 0, 0, 0, 0, 0, 0, 0, 0, 0, 0, 2248, 1083, -4129, 7796, -3068, 13024, 0, 0, 595, 1, 1, 1
12730724, 0, 0, 0, 0, 0, 0, 0, 0, 0, 0, 0, 0, 2257, 1061, -4166, 6784, -2316, 12612, 0, 0, 595, 1, 1, 1
12733809, 0, 0, 0, 0, 0, 0, 0, 0, 0, 0, 0, 0, 2257, 1051, -4179, 6624, -1876, 11524, 0, 0, 595, 1, 1, 1
12736893, 0, 0, 0, 0, 0, 0, 0, 0, 0, 0, 0, 0, 2249, 1037, -4192, 5600, -1080, 11100, 0, 0, 595, 1, 1, 1
12740000, 0, 0, 0, 0, 0, 0, 0, 0, 0, 0, 0, 0, 2243, 1025, -4194, 4880, -612, 11516, 0, 0, 602, 1, 1, 1
12743080, 0, 0, 0, 0, 0, 0, 0, 0, 0, 0, 0, 0, 2212, 1026, -4183, 3984, 300, 10604, 0, 0, 602, 1, 1, 1
12746167, 0, 0, 0, 0, 0, 0, 0, 0, 0, 0, 0, 0, 2197, 1042, -4172, 3904, 504, 10020, 0, 0, 602, 1, 1, 1
12749242, 0, 0, 0, 0, 0, 0, 0, 0, 0, 0, 0, 0, 2174, 1048, -4156, 3072, 1052, 10104, 0, 0, 602, 1, 1, 1
12752913, 0, 0, 0, 0, 0, 0, 0, 0, 0, 0, 0, 0, 2088, 1086, -4091, 2184, 2440, 9016, 0, 0, 602, 1, 1, 1
12755415, 0, 0, 0, 0, 0, 0, 0, 0, 0, 0, 0, 0, 2051, 1084, -4066, 1276, 2832, 9316, 0, 0, 602, 1, 1, 1
12758989, 0, 0, 0, 0, 0, 0, 0, 0, 0, 0, 0, 0, 1967, 1077, -4002, 304, 3596, 8796, 0, 0, 602, 1, 1, 1
12761582, 0, 0, 0, 0, 0, 0, 0, 0, 0, 0, 0, 0, 1920, 1075, -3973, 176, 3848, 8244, 0, 0, 602, 1, 1, 1
12765052, 0, 0, 0, 0, 0, 0, 0, 0, 0, 0, 0, 0, 1823, 1046, -3895, -728, 4608, 8244, 0, 0, 602, 1, 1, 1
12767757, 0, 0, 0, 0, 0, 0, 0, 0, 0, 0, 0, 0, 1777, 1030, -3856, -1292, 4912, 8552, 0, 0, 602, 1, 1, 1
12771129, 0, 0, 0, 0, 0, 0, 0, 0, 0, 0, 0, 0, 1684, 1014, -3767, -2164, 5572, 8292, 0, 0, 602, 1, 1, 1
12773933, 0, 0, 0, 0, 0, 0, 0, 0, 0, 0, 0, 0, 1639, 1015, -3720, -2340, 5868, 8192, 0, 0, 602, 1, 1, 1
12777140, 0, 0, 0, 0, 0, 0, 0, 0, 0, 0, 0, 0, 1550, 996, -3622, -3120, 6556, 7864, 0, 0, 602, 1, 1, 1
12780092, 0, 0, 0, 0, 0, 0, 0, 0, 0, 0, 0, 0, 1490, 975, -3570, -3572, 6820, 8244, 0, 0, 602, 1, 1, 1
12783224, 0, 0, 0, 0, 0, 0, 0, 0, 0, 0, 0, 0, 1404, 952, -3464, -4196, 7528, 8020, 0, 0, 602, 1, 1, 1
12786276, 0, 0, 0, 0, 0, 0, 0, 0, 0, 0, 0, 0, 1353, 944, -3412, -4252, 7920, 7920, 0, 0, 602, 1, 1, 1
12789363, 0, 0, 0, 0, 0, 0, 0, 0, 0, 0, 0, 0, 1259, 929, -3293, -4648, 8420, 8172, 0, 0, 602, 1, 1, 1
12792443, 0, 0, 0, 0, 0, 0, 0, 0, 0, 0, 0, 0, 1218, 918, -3233, -4992, 8540, 8328, 0, 0, 595, 1, 1, 1
12795531, 0, 0, 0, 0, 0, 0, 0, 0, 0, 0, 0, 0, 1217, 965, -3078, -5488, 8204, 9380, 0, 0, 595, 1, 1, 1
12798626, 0, 0, 0, 0, 0, 0, 0, 0, 0, 0, 0, 0, 1160, 959, -3020, -5536, 8340, 9048, 0, 0, 595, 1, 1, 1
12801713, 0, 0, 0, 0, 0, 0, 0, 0, 0, 0, 0, 0, 1087, 972, -2887, -5616, 8640, 8864, 0, 0, 595, 1, 1, 1
12804776, 0, 0, 0, 0, 0, 0, 0, 0, 0, 0, 0, 0, 1043, 977, -2814, -5752, 8748, 9092, 0, 0, 595, 1, 1, 1
12807863, 0, 0, 0, 0, 0, 0, 0, 0, 0, 0, 0, 0, 1002, 969, -2746, -5808, 8920, 9024, 0, 0, 595, 1, 1, 1
12811487, 0, 0, 0, 0, 0, 0, 0, 0, 0, 0, 0, 0, 881, 943, -2543, -6048, 9356, 9804, 0, 0, 595, 1, 1, 1
12814051, 0, 0, 0, 0, 0, 0, 0, 0, 0, 0, 0, 0, 849, 913, -2472, -6056, 9280, 9740, 0, 0, 595, 1, 1, 1
12817578, 0, 0, 0, 0, 0, 0, 0, 0, 0, 0, 0, 0, 788, 852, -2355, -6292, 9216, 10292, 0, 0, 595, 1, 1, 1
12820211, 0, 0, 0, 0, 0, 0, 0, 0, 0, 0, 0, 0, 760, 820, -2301, -6360, 9296, 10724, 0, 0, 595, 1, 1, 1
12823628, 0, 0, 0, 0, 0, 0, 0, 0, 0, 0, 0, 0, 699, 745, -2207, -6268, 9436, 11048, 0, 0, 595, 1, 1, 1
12826409, 0, 0, 0, 0, 0, 0, 0, 0, 0, 0, 0, 0, 670, 701, -2168, -6184, 9452, 11036, 0, 0, 595, 1, 1, 1
12829698, 0, 0, 0, 0, 0, 0, 0, 0, 0, 0, 0, 0, 611, 629, -2097, -6000, 9720, 11268, 0, 0, 595, 1, 1, 1
12832551, 0, 0, 0, 0, 0, 0, 0, 0, 0, 0, 0, 0, 583, 598, -2066, -6252, 9808, 11712, 0, 0, 595, 1, 1, 1
12835762, 0, 0, 0, 0, 0, 0, 0, 0, 0, 0, 0, 0, 542, 535, -2014, -6280, 9916, 11860, 0, 0, 595, 1, 1, 1
12838723, 0, 0, 0, 0, 0, 0, 0, 0, 0, 0, 0, 0, 525, 499, -1987, -6204, 9992, 11880, 0, 0, 595, 1, 1, 1
12841836, 0, 0, 0, 0, 0, 0, 0, 0, 0, 0, 0, 0, 489, 433, -1933, -6328, 10104, 12056, 0, 0, 602, 1, 1, 1
12844932, 0, 0, 0, 0, 0, 0, 0, 0, 0, 0, 0, 0, 475, 404, -1902, -6700, 10136, 12512, 0, 0, 602, 1, 1, 1
12848004, 0, 0, 0, 0, 0, 0, 0, 0, 0, 0, 0, 0, 447, 353, -1829, -6720, 10136, 12780, 0, 0, 602, 1, 1, 1
12851078, 0, 0, 0, 0, 0, 0, 0, 0, 0, 0, 0, 0, 434, 337, -1783, -6492, 10084, 12760, 0, 0, 602, 1, 1, 1
12854187, 0, 0, 0, 0, 0, 0, 0, 0, 0, 0, 0, 0, 428, 361, -1678, -6232, 10060, 13244, 0, 0, 602, 1, 1, 1
12857259, 0, 0, 0, 0, 0, 0, 0, 0, 0, 0, 0, 0, 435, 403, -1625, -6228, 10072, 13876, 0, 0, 602, 1, 1, 1
12860346, 0, 0, 0, 0, 0, 0, 0, 0, 0, 0, 0, 0, 465, 510, -1503, -6124, 10024, 14136, 0, 0, 602, 1, 1, 1
12864039, 0, 0, 0, 0, 0, 0, 0, 0, 0, 0, 0, 0, 506, 598, -1388, -6352, 9728, 14340, 0, 0, 602, 1, 1, 1
12866505, 0, 0, 0, 0, 0, 0, 0, 0, 0, 0, 0, 0, 526, 636, -1332, -6008, 9664, 14160, 0, 0, 602, 1, 1, 1
12870062, 0, 0, 0, 0, 0, 0, 0, 0, 0, 0, 0, 0, 563, 666, -1230, -6052, 9532, 14364, 0, 0, 602, 1, 1, 1
12872678, 0, 0, 0, 0, 0, 0, 0, 0, 0, 0, 0, 0, 574, 656, -1181, -6292, 9696, 14316, 0, 0, 602, 1, 1, 1
12876152, 0, 0, 0, 0, 0, 0, 0, 0, 0, 0, 0, 0, 592, 585, -1109, -6088, 9756, 14444, 0, 0, 602, 1, 1, 1
12878842, 0, 0, 0, 0, 0, 0, 0, 0, 0, 0, 0, 0, 594, 531, -1077, -5928, 9828, 14232, 0, 0, 602, 1, 1, 1
12882284, 0, 0, 0, 0, 0, 0, 0, 0, 0, 0, 0, 0, 597, 395, -1026, -5756, 9932, 14048, 0, 0, 602, 1, 1, 1
12885047, 0, 0, 0, 0, 0, 0, 0, 0, 0, 0, 0, 0, 603, 321, -1003, -5768, 9900, 14456, 0, 0, 602, 1, 1, 1
12888320, 0, 0, 0, 0, 0, 0, 0, 0, 0, 0, 0, 0, 614, 192, -958, -5348, 9576, 14100, 0, 0, 602, 1, 1, 1
12891204, 0, 0, 0, 0, 0, 0, 0, 0, 0, 0, 0, 0, 630, 153, -940, -4972, 9428, 13920, 0, 0, 602, 1, 1, 1
12894396, 0, 0, 0, 0, 0, 0, 0, 0, 0, 0, 0, 0, 666, 110, -913, -4124, 9248, 13292, 0, 0, 602, 1, 1, 1
12897368, 0, 0, 0, 0, 0, 0, 0, 0, 0, 0, 0, 0, 688, 103, -900, -3996, 9260, 13488, 0, 0, 602, 1, 1, 1
12900452, 0, 0, 0, 0, 0, 0, 0, 0, 0, 0, 0, 0, 724, 100, -889, -3576, 9092, 13172, 0, 0, 602, 1, 1, 1
12903537, 0, 0, 0, 0, 0, 0, 0, 0, 0, 0, 0, 0, 736, 100, -890, -3272, 9008, 12608, 0, 0, 602, 1, 1, 1
12906633, 0, 0, 0, 0, 0, 0, 0, 0, 0, 0, 0, 0, 754, 87, -906, -3068, 9076, 12232, 0, 0, 602, 1, 1, 1
12909715, 0, 0, 0, 0, 0, 0, 0, 0, 0, 0, 0, 0, 757, 75, -913, -3052, 9224, 11984, 0, 0, 602, 1, 1, 1
12912807, 0, 0, 0, 0, 0, 0, 0, 0, 0, 0, 0, 0, 749, 33, -936, -3104, 9396, 11572, 0, 0, 602, 1, 1, 1
12915908, 0, 0, 0, 0, 0, 0, 0, 0, 0, 0, 0, 0, 739, 13, -948, -3012, 9584, 11368, 0, 0, 602, 1, 1, 1
12918975, 0, 0, 0, 0, 0, 0, 0, 0, 0, 0, 0, 0, 702, -51, -967, -3140, 9496, 10908, 0, 0, 602, 1, 1, 1
12922662, 0, 0, 0, 0, 0, 0, 0, 0, 0, 0, 0, 0, 659, -118, -976, -3368, 9664, 10556, 0, 0, 602, 1, 1, 1
12925147, 0, 0, 0, 0, 0, 0, 0, 0, 0, 0, 0, 0, 631, -147, -976, -3444, 9596, 10404, 0, 0, 602, 1, 1, 1
12928717, 0, 0, 0, 0, 0, 0, 0, 0, 0, 0, 0, 0, 571, -183, -968, -3380, 9620, 10064, 0, 0, 602, 1, 1, 1
12931315, 0, 0, 0, 0, 0, 0, 0, 0, 0, 0, 0, 0, 541, -188, -955, -3292, 9676, 9924, 0, 0, 602, 1, 1, 1
12934781, 0, 0, 0, 0, 0, 0, 0, 0, 0, 0, 0, 0, 477, -162, -921, -3036, 9772, 9920, 0, 0, 602, 1, 1, 1
12937489, 0, 0, 0, 0, 0, 0, 0, 0, 0, 0, 0, 0, 451, -130, -903, -2976, 9828, 9784, 0, 0, 602, 1, 1, 1
12940866, 0, 0, 0, 0, 0, 0, 0, 0, 0, 0, 0, 0, 403, -31, -870, -2796, 10044, 9864, 0, 0, 602, 1, 1, 1
12943683, 0, 0, 0, 0, 0, 0, 0, 0, 0, 0, 0, 0, 378, 20, -849, -2828, 10036, 9696, 0, 0, 595, 1, 1, 1
12947157, 0, 0, 0, 0, 0, 0, 0, 0, 0, 0, 0, 0, 334, 96, -810, -3036, 9984, 9888, 0, 0, 595, 1, 1, 1
12949840, 0, 0, 0, 0, 0, 0, 0, 0, 0, 0, 0, 0, 315, 117, -794, -3176, 10004, 9868, 0, 0, 595, 1, 1, 1
12953014, 0, 0, 0, 0, 0, 0, 0, 0, 0, 0, 0, 0, 279, 131, -765, -3420, 9848, 9952, 0, 0, 595, 1, 1, 1
12955996, 0, 0, 0, 0, 0, 0, 0, 0, 0, 0, 0, 0, 263, 131, -745, -3504, 9716, 9828, 0, 0, 595, 1, 1, 1
12959090, 0, 0, 0, 0, 0, 0, 0, 0, 0, 0, 0, 0, 234, 96, -715, -3588, 9808, 9900, 0, 0, 595, 1, 1, 1
12962173, 0, 0, 0, 0, 0, 0, 0, 0, 0, 0, 0, 0, 220, 75, -704, -3556, 9884, 9768, 0, 0, 595, 1, 1, 1
12965269, 0, 0, 0, 0, 0, 0, 0, 0, 0, 0, 0, 0, 186, 30, -674, -3664, 9928, 9816, 0, 0, 595, 1, 1, 1
12968373, 0, 0, 0, 0, 0, 0, 0, 0, 0, 0, 0, 0, 168, 12, -660, -3588, 9916, 9816, 0, 0, 595, 1, 1, 1
12971459, 0, 0, 0, 0, 0, 0, 0, 0, 0, 0, 0, 0, 131, -15, -631, -3548, 9968, 9608, 0, 0, 595, 1, 1, 1
12974543, 0, 0, 0, 0, 0, 0, 0, 0, 0, 0, 0, 0, 114, -25, -620, -3428, 9912, 9568, 0, 0, 595, 1, 1, 1
12977600, 0, 0, 0, 0, 0, 0, 0, 0, 0, 0, 0, 0, 101, -20, -610, -3348, 9844, 9644, 0, 0, 595, 1, 1, 1
12981242, 0, 0, 0, 0, 0, 0, 0, 0, 0, 0, 0, 0, 50, 8, -585, -3008, 9840, 9812, 0, 0, 595, 1, 1, 1
12983782, 0, 0, 0, 0, 0, 0, 0, 0, 0, 0, 0, 0, 33, 35, -579, -3172, 9812, 9892, 0, 0, 595, 1, 1, 1
12987306, 0, 0, 0, 0, 0, 0, 0, 0, 0, 0, 0, 0, 3, 81, -574, -3132, 9796, 9840, 0, 0, 595, 1, 1, 1
12989958, 0, 0, 0, 0, 0, 0, 0, 0, 0, 0, 0, 0, -15, 97, -573, -3176, 9700, 9920, 0, 0, 595, 1, 1, 1
12993356, 0, 0, 0, 0, 0, 0, 0, 0, 0, 0, 0, 0, -49, 129, -574, -3196, 9880, 9976, 0, 0, 602, 1, 1, 1
12996138, 0, 0, 0, 0, 0, 0, 0, 0, 0, 0, 0, 0, -73, 141, -577, -3320, 9936, 10036, 0, 0, 602, 1, 1, 1
12999460, 0, 0, 0, 0, 0, 0, 0, 0, 0, 0, 0, 0, -119, 146, -578, -3568, 10020, 10296, 0, 0, 602, 1, 1, 1
13002306, 0, 0, 0, 0, 0, 0, 0, 0, 0, 0, 0, 0, -144, 142, -578, -3596, 9936, 10272, 0, 0, 602, 1, 1, 1
13005523, 0, 0, 0, 0, 0, 0, 0, 0, 0, 0, 0, 0, -194, 143, -575, -3732, 10040, 10336, 0, 0, 602, 1, 1, 1
13008457, 0, 0, 0, 0, 0, 0, 0, 0, 0, 0, 0, 0, -217, 146, -571, -3800, 10004, 10680, 0, 0, 602, 1, 1, 1
13011570, 0, 0, 0, 0, 0, 0, 0, 0, 0, 0, 0, 0, -261, 148, -554, -3832, 9908, 11044, 0, 0, 602, 1, 1, 1
13014644, 0, 0, 0, 0, 0, 0, 0, 0, 0, 0, 0, 0, -281, 156, -544, -3844, 9964, 10972, 0, 0, 602, 1, 1, 1
13017724, 0, 0, 0, 0, 0, 0, 0, 0, 0, 0, 0, 0, -315, 175, -515, -3832, 10108, 11324, 0, 0, 602, 1, 1, 1
13020807, 0, 0, 0, 0, 0, 0, 0, 0, 0, 0, 0, 0, -330, 189, -499, -3904, 10172, 11652, 0, 0, 602, 1, 1, 1
13023904, 0, 0, 0, 0, 0, 0, 0, 0, 0, 0, 0, 0, -356, 204, -449, -3852, 10192, 12104, 0, 0, 602, 1, 1, 1
13026989, 0, 0, 0, 0, 0, 0, 0, 0, 0, 0, 0, 0, -364, 204, -429, -3748, 10096, 12172, 0, 0, 602, 1, 1, 1
13030078, 0, 0, 0, 0, 0, 0, 0, 0, 0, 0, 0, 0, -375, 196, -388, -3904, 9852, 12508, 0, 0, 602, 1, 1, 1
13033767, 0, 0, 0, 0, 0, 0, 0, 0, 0, 0, 0, 0, -370, 163, -355, -3976, 9652, 12716, 0, 0, 602, 1, 1, 1
13036232, 0, 0, 0, 0, 0, 0, 0, 0, 0, 0, 0, 0, -362, 140, -344, -3944, 9656, 12968, 0, 0, 602, 1, 1, 1
13039868, 0, 0, 0, 0, 0, 0, 0, 0, 0, 0, 0, 0, -345, 84, -318, -3964, 9804, 12896, 0, 0, 602, 1, 1, 1
13042416, 0, 0, 0, 0, 0, 0, 0, 0, 0, 0, 0, 0, -333, 52, -312, -3920, 9672, 12868, 0, 0, 602, 1, 1, 1
13045880, 0, 0, 0, 0, 0, 0, 0, 0, 0, 0, 0, 0, -309, -5, -294, -3856, 9788, 12960, 0, 0, 595, 1, 1, 1
13048636, 0, 0, 0, 0, 0, 0, 0, 0, 0, 0, 0, 0, -308, -30, -284, -3900, 9852, 12888, 0, 0, 595, 1, 1, 1
13052047, 0, 0, 0, 0, 0, 0, 0, 0, 0, 0, 0, 0, -300, -79, -263, -3852, 9812, 12612, 0, 0, 595, 1, 1, 1
13054773, 0, 0, 0, 0, 0, 0, 0, 0, 0, 0, 0, 0, -295, -96, -256, -3716, 9844, 12504, 0, 0, 595, 1, 1, 1
13058068, 0, 0, 0, 0, 0, 0, 0, 0, 0, 0, 0, 0, -274, -108, -231, -3556, 9748, 12332, 0, 0, 595, 1, 1, 1
13060928, 0, 0, 0, 0, 0, 0, 0, 0, 0, 0, 0, 0, -260, -100, -221, -3684, 9588, 12412, 0, 0, 595, 1, 1, 1
13064152, 0, 0, 0, 0, 0, 0, 0, 0, 0, 0, 0, 0, -227, -57, -199, -3472, 9516, 12252, 0, 0, 595, 1, 1, 1
13067093, 0, 0, 0, 0, 0, 0, 0, 0, 0, 0, 0, 0, -212, -26, -189, -3380, 9568, 12104, 0, 0, 595, 1, 1, 1
13070182, 0, 0, 0, 0, 0, 0, 0, 0, 0, 0, 0, 0, -192, 34, -170, -3296, 9484, 11996, 0, 0, 595, 1, 1, 1
13073265, 0, 0, 0, 0, 0, 0, 0, 0, 0, 0, 0, 0, -185, 62, -166, -3460, 9592, 11928, 0, 0, 595, 1, 1, 1
13076363, 0, 0, 0, 0, 0, 0, 0, 0, 0, 0, 0, 0, -185, 96, -158, -3500, 9716, 11636, 0, 0, 595, 1, 1, 1
13079443, 0, 0, 0, 0, 0, 0, 0, 0, 0, 0, 0, 0, -192, 103, -155, -3516, 9604, 11412, 0, 0, 595, 1, 1, 1
13082544, 0, 0, 0, 0, 0, 0, 0, 0, 0, 0, 0, 0, -213, 96, -139, -3772, 9632, 11280, 0, 0, 595, 1, 1, 1
13085642, 0, 0, 0, 0, 0, 0, 0, 0, 0, 0, 0, 0, -225, 91, -135, -4036, 9596, 11280, 0, 0, 595, 1, 1, 1
13088703, 0, 0, 0, 0, 0, 0, 0, 0, 0, 0, 0, 0, -265, 70, -108, -4188, 9596, 11044, 0, 0, 595, 1, 1, 1
13092419, 0, 0, 0, 0, 0, 0, 0, 0, 0, 0, 0, 0, -315, 57, -77, -4096, 9544, 10928, 0, 0, 595, 1, 1, 1
13094866, 0, 0, 0, 0, 0, 0, 0, 0, 0, 0, 0, 0, -342, 57, -61, -4028, 9612, 11088, 0, 0, 595, 1, 1, 1
13098445, 0, 0, 0, 0, 0, 0, 0, 0, 0, 0, 0, 0, -397, 75, -20, -3816, 9528, 11272, 0, 0, 595, 1, 1, 1
13101043, 0, 0, 0, 0, 0, 0, 0, 0, 0, 0, 0, 0, -421, 92, -2, -3736, 9508, 11264, 0, 0, 595, 1, 1, 1
13104509, 0, 0, 0, 0, 0, 0, 0, 0, 0, 0, 0, 0, -470, 165, 33, -3468, 9464, 11708, 0, 0, 595, 1, 1, 1
13107217, 0, 0, 0, 0, 0, 0, 0, 0, 0, 0, 0, 0, -486, 215, 49, -3220, 9468, 11920, 0, 0, 595, 1, 1, 1
13110601, 0, 0, 0, 0, 0, 0, 0, 0, 0, 0, 0, 0, -513, 332, 86, -2976, 9348, 12324, 0, 0, 595, 1, 1, 1
13113411, 0, 0, 0, 0, 0, 0, 0, 0, 0, 0, 0, 0, -523, 401, 105, -2804, 9180, 12608, 0, 0, 595, 1, 1, 1
13116647, 0, 0, 0, 0, 0, 0, 0, 0, 0, 0, 0, 0, -527, 527, 140, -2692, 8888, 13148, 0, 0, 595, 1, 1, 1
13119565, 0, 0, 0, 0, 0, 0, 0, 0, 0, 0, 0, 0, -528, 581, 160, -2612, 8796, 13272, 0, 0, 595, 1, 1, 1
13122739, 0, 0, 0, 0, 0, 0, 0, 0, 0, 0, 0, 0, -523, 660, 198, -2460, 8560, 13832, 0, 0, 595, 1, 1, 1
13125743, 0, 0, 0, 0, 0, 0, 0, 0, 0, 0, 0, 0, -520, 685, 213, -2324, 8440, 13992, 0, 0, 595, 1, 1, 1
13128820, 0, 0, 0, 0, 0, 0, 0, 0, 0, 0, 0, 0, -494, 716, 231, -2012, 8200, 14456, 0, 0, 595, 1, 1, 1
13131901, 0, 0, 0, 0, 0, 0, 0, 0, 0, 0, 0, 0, -482, 727, 235, -1764, 8292, 14660, 0, 0, 595, 1, 1, 1
13135000, 0, 0, 0, 0, 0, 0, 0, 0, 0, 0, 0, 0, -441, 725, 232, -1576, 8204, 15068, 0, 0, 595, 1, 1, 1
13138103, 0, 0, 0, 0, 0, 0, 0, 0, 0, 0, 0, 0, -420, 711, 227, -1300, 8268, 15240, 0, 0, 595, 1, 1, 1
13141188, 0, 0, 0, 0, 0, 0, 0, 0, 0, 0, 0, 0, -364, 678, 204, -1124, 8104, 15452, 0, 0, 595, 1, 1, 1
13144243, 0, 0, 0, 0, 0, 0, 0, 0, 0, 0, 0, 0, -331, 668, 187, -844, 7968, 15492, 0, 0, 602, 1, 1, 1
13147335, 0, 0, 0, 0, 0, 0, 0, 0, 0, 0, 0, 0, -246, 657, 142, -432, 7968, 15508, 0, 0, 602, 1, 1, 1
13150999, 0, 0, 0, 0, 0, 0, 0, 0, 0, 0, 0, 0, -167, 637, 94, -60, 7832, 15204, 0, 0, 602, 1, 1, 1
13153513, 0, 0, 0, 0, 0, 0, 0, 0, 0, 0, 0, 0, -134, 619, 73, -80, 7888, 15112, 0, 0, 602, 1, 1, 1
13157073, 0, 0, 0, 0, 0, 0, 0, 0, 0, 0, 0, 0, -71, 549, 31, 56, 7776, 14820, 0, 0, 602, 1, 1, 1
13159690, 0, 0, 0, 0, 0, 0, 0, 0, 0, 0, 0, 0, -43, 504, 11, 4, 7732, 14596, 0, 0, 602, 1, 1, 1
13163128, 0, 0, 0, 0, 0, 0, 0, 0, 0, 0, 0, 0, -9, 387, -24, 20, 7444, 13980, 0, 0, 602, 1, 1, 1
13165875, 0, 0, 0, 0, 0, 0, 0, 0, 0, 0, 0, 0, 7, 322, -41, -56, 7424, 13720, 0, 0, 602, 1, 1, 1
13169193, 0, 0, 0, 0, 0, 0, 0, 0, 0, 0, 0, 0, 22, 198, -75, -136, 7228, 13132, 0, 0, 602, 1, 1, 1
13172053, 0, 0, 0, 0, 0, 0, 0, 0, 0, 0, 0, 0, 20, 134, -91, -260, 7284, 12920, 0, 0, 602, 1, 1, 1
13175252, 0, 0, 0, 0, 0, 0, 0, 0, 0, 0, 0, 0, 0, 7, -128, -268, 7536, 12320, 0, 0, 602, 1, 1, 1
13178204, 0, 0, 0, 0, 0, 0, 0, 0, 0, 0, 0, 0, -22, -51, -147, -180, 7496, 11864, 0, 0, 602, 1, 1, 1
13181331, 0, 0, 0, 0, 0, 0, 0, 0, 0, 0, 0, 0, -71, -128, -184, -176, 7652, 11444, 0, 0, 602, 1, 1, 1
13184380, 0, 0, 0, 0, 0, 0, 0, 0, 0, 0, 0, 0, -103, -147, -199, -176, 7756, 11368, 0, 0, 602, 1, 1, 1
13187456, 0, 0, 0, 0, 0, 0, 0, 0, 0, 0, 0, 0, -176, -164, -235, -404, 7732, 11176, 0, 0, 602, 1, 1, 1
13190536, 0, 0, 0, 0, 0, 0, 0, 0, 0, 0, 0, 0, -218, -163, -250, -392, 7736, 10948, 0, 0, 602, 1, 1, 1
13193642, 0, 0, 0, 0, 0, 0, 0, 0, 0, 0, 0, 0, -302, -150, -276, -704, 7688, 10800, 0, 0, 602, 1, 1, 1
13196740, 0, 0, 0, 0, 0, 0, 0, 0, 0, 0, 0, 0, -346, -139, -289, -904, 7796, 10748, 0, 0, 595, 1, 1, 1
13199817, 0, 0, 0, 0, 0, 0, 0, 0, 0, 0, 0, 0, -423, -110, -306, -1172, 7832, 11120, 0, 0, 595, 1, 1, 1
13203495, 0, 0, 0, 0, 0, 0, 0, 0, 0, 0, 0, 0, -502, -76, -322, -1324, 7928, 11140, 0, 0, 595, 1, 1, 1
13205979, 0, 0, 0, 0, 0, 0, 0, 0, 0, 0, 0, 0, -537, -57, -327, -1428, 8012, 11172, 0, 0, 595, 1, 1, 1
13209599, 0, 0, 0, 0, 0, 0, 0, 0, 0, 0, 0, 0, -601, -8, -338, -1512, 8288, 11628, 0, 0, 595, 1, 1, 1
13212144, 0, 0, 0, 0, 0, 0, 0, 0, 0, 0, 0, 0, -625, 18, -342, -1632, 8224, 11864, 0, 0, 595, 1, 1, 1
13215663, 0, 0, 0, 0, 0, 0, 0, 0, 0, 0, 0, 0, -660, 75, -343, -1896, 8176, 12232, 0, 0, 595, 1, 1, 1
13218315, 0, 0, 0, 0, 0, 0, 0, 0, 0, 0, 0, 0, -670, 101, -341, -1912, 8100, 12624, 0, 0, 595, 1, 1, 1
13221740, 0, 0, 0, 0, 0, 0, 0, 0, 0, 0, 0, 0, -670, 156, -340, -2144, 7752, 12872, 0, 0, 595, 1, 1, 1
13224503, 0, 0, 0, 0, 0, 0, 0, 0, 0, 0, 0, 0, -662, 185, -341, -2372, 7832, 13168, 0, 0, 595, 1, 1, 1
13227824, 0, 0, 0, 0, 0, 0, 0, 0, 0, 0, 0, 0, -638, 229, -345, -2600, 7744, 13484, 0, 0, 595, 1, 1, 1
13230671, 0, 0, 0, 0, 0, 0, 0, 0, 0, 0, 0, 0, -625, 243, -348, -2608, 7848, 13560, 0, 0, 595, 1, 1, 1
13233853, 0, 0, 0, 0, 0, 0, 0, 0, 0, 0, 0, 0, -598, 272, -354, -2848, 8008, 13780, 0, 0, 595, 1, 1, 1
13236844, 0, 0, 0, 0, 0, 0, 0, 0, 0, 0, 0, 0, -588, 286, -354, -2904, 7932, 14180, 0, 0, 595, 1, 1, 1
13239916, 0, 0, 0, 0, 0, 0, 0, 0, 0, 0, 0, 0, -560, 309, -359, -3028, 7972, 14076, 0, 0, 595, 1, 1, 1
13243017, 0, 0, 0, 0, 0, 0, 0, 0, 0, 0, 0, 0, -546, 313, -355, -3164, 8032, 14272, 0, 0, 595, 1, 1, 1
13246092, 0, 0, 0, 0, 0, 0, 0, 0, 0, 0, 0, 0, -530, 328, -360, -3052, 8156, 14660, 0, 0, 602, 1, 1, 1
13250104, 0, 0, 0, 0, 0, 0, 0, 0, 0, 0, 0, 0, -493, 370, -360, -3376, 7792, 14608, 0, 0, 602, 1, 1, 1
13252423, 0, 0, 0, 0, 0, 0, 0, 0, 0, 0, 0, 0, -478, 375, -351, -3540, 7656, 14772, 0, 0, 602, 1, 1, 1
13255375, 0, 0, 0, 0, 0, 0, 0, 0, 0, 0, 0, 0, -456, 378, -347, -3540, 7620, 14588, 0, 0, 602, 1, 1, 1
13258458, 0, 0, 0, 0, 0, 0, 0, 0, 0, 0, 0, 0, -410, 385, -329, -3616, 7676, 14560, 0, 0, 602, 1, 1, 1
13261517, 0, 0, 0, 0, 0, 0, 0, 0, 0, 0, 0, 0, -386, 383, -312, -3792, 7720, 14852, 0, 0, 602, 1, 1, 1
13264621, 0, 0, 0, 0, 0, 0, 0, 0, 0, 0, 0, 0, -362, 377, -301, -3756, 7784, 14632, 0, 0, 602, 1, 1, 1
13268173, 0, 0, 0, 0, 0, 0, 0, 0, 0, 0, 0, 0, -283, 327, -246, -4020, 7772, 14632, 0, 0, 602, 1, 1, 1
13270790, 0, 0, 0, 0, 0, 0, 0, 0, 0, 0, 0, 0, -256, 302, -226, -4076, 7760, 14248, 0, 0, 602, 1, 1, 1
13274263, 0, 0, 0, 0, 0, 0, 0, 0, 0, 0, 0, 0, -212, 212, -174, -4348, 7648, 13884, 0, 0, 602, 1, 1, 1
13276954, 0, 0, 0, 0, 0, 0, 0, 0, 0, 0, 0, 0, -196, 159, -148, -4160, 7656, 13884, 0, 0, 602, 1, 1, 1
13280366, 0, 0, 0, 0, 0, 0, 0, 0, 0, 0, 0, 0, -170, 105, -97, -4140, 7060, 13604, 0, 0, 602, 1, 1, 1
13283152, 0, 0, 0, 0, 0, 0, 0, 0, 0, 0, 0, 0, -156, 68, -68, -4060, 6948, 13220, 0, 0, 602, 1, 1, 1
13286378, 0, 0, 0, 0, 0, 0, 0, 0, 0, 0, 0, 0, -148, -14, -24, -3920, 6872, 12568, 0, 0, 602, 1, 1, 1
13289293, 0, 0, 0, 0, 0, 0, 0, 0, 0, 0, 0, 0, -148, -61, -4, -3940, 6988, 12488, 0, 0, 602, 1, 1, 1
13292478, 0, 0, 0, 0, 0, 0, 0, 0, 0, 0, 0, 0, -165, -124, 32, -3540, 7024, 12072, 0, 0, 602, 1, 1, 1
13295476, 0, 0, 0, 0, 0, 0, 0, 0, 0, 0, 0, 0, -182, -148, 41, -3248, 6992, 11764, 0, 0, 602, 1, 1, 1
13298564, 0, 0, 0, 0, 0, 0, 0, 0, 0, 0, 0, 0, -221, -183, 54, -2924, 6916, 11540, 0, 0, 602, 1, 1, 1
13301649, 0, 0, 0, 0, 0, 0, 0, 0, 0, 0, 0, 0, -244, -201, 57, -2816, 6756, 11376, 0, 0, 602, 1, 1, 1
13304732, 0, 0, 0, 0, 0, 0, 0, 0, 0, 0, 0, 0, -302, -235, 50, -2916, 6448, 11388, 0, 0, 602, 1, 1, 1
13307830, 0, 0, 0, 0, 0, 0, 0, 0, 0, 0, 0, 0, -336, -247, 42, -2852, 6348, 11116, 0, 0, 602, 1, 1, 1
13310919, 0, 0, 0, 0, 0, 0, 0, 0, 0, 0, 0, 0, -402, -261, 23, -2916, 6212, 11048, 0, 0, 602, 1, 1, 1
13314001, 0, 0, 0, 0, 0, 0, 0, 0, 0, 0, 0, 0, -433, -269, 8, -2844, 6256, 10896, 0, 0, 602, 1, 1, 1
13317068, 0, 0, 0, 0, 0, 0, 0, 0, 0, 0, 0, 0, -490, -266, -19, -2996, 5996, 11308, 0, 0, 602, 1, 1, 1
13320753, 0, 0, 0, 0, 0, 0, 0, 0, 0, 0, 0, 0, -539, -225, -47, -2832, 5868, 11584, 0, 0, 602, 1, 1, 1
13323256, 0, 0, 0, 0, 0, 0, 0, 0, 0, 0, 0, 0, -563, -195, -63, -2876, 5908, 11556, 0, 0, 602, 1, 1, 1
13326829, 0, 0, 0, 0, 0, 0, 0, 0, 0, 0, 0, 0, -595, -130, -97, -2816, 5956, 11856, 0, 0, 602, 1, 1, 1
13329427, 0, 0, 0, 0, 0, 0, 0, 0, 0, 0, 0, 0, -610, -92, -116, -2900, 6000, 12052, 0, 0, 602, 1, 1, 1
13332891, 0, 0, 0, 0, 0, 0, 0, 0, 0, 0, 0, 0, -634, -25, -144, -3012, 6056, 12540, 0, 0, 602, 1, 1, 1
13335597, 0, 0, 0, 0, 0, 0, 0, 0, 0, 0, 0, 0, -648, 2, -162, -3108, 6112, 12560, 0, 0, 602, 1, 1, 1
13338970, 0, 0, 0, 0, 0, 0, 0, 0, 0, 0, 0, 0, -669, 40, -185, -3720, 6088, 13020, 0, 0, 602, 1, 1, 1
13341791, 0, 0, 0, 0, 0, 0, 0, 0, 0, 0, 0, 0, -679, 40, -199, -3776, 6032, 13108, 0, 0, 602, 1, 1, 1
13345007, 0, 0, 0, 0, 0, 0, 0, 0, 0, 0, 0, 0, -695, 42, -220, -4260, 6048, 13472, 0, 0, 602, 1, 1, 1
13347941, 0, 0, 0, 0, 0, 0, 0, 0, 0, 0, 0, 0, -694, 44, -225, -4440, 6040, 13716, 0, 0, 595, 1, 1, 1
13351440, 0, 0, 0, 0, 0, 0, 0, 0, 0, 0, 0, 0, -700, 52, -238, -4544, 6156, 13980, 0, 0, 595, 1, 1, 1
13354114, 0, 0, 0, 0, 0, 0, 0, 0, 0, 0, 0, 0, -701, 62, -235, -4596, 6220, 14160, 0, 0, 595, 1, 1, 1
13357193, 0, 0, 0, 0, 0, 0, 0, 0, 0, 0, 0, 0, -691, 121, -236, -4592, 6220, 14864, 0, 0, 595, 1, 1, 1
